benchmark_id,uniqueID,drugName,condition,review,rating,date,usefulCount,split,review_clean,review_word_count,review_processed,vader_score,sentiment_label,topic_id
1,225730,Bupropion,Depression,"""Really bad. I didn&#039;t feel better at all just constantly &quot;wired&quot; like I had drank 6 cups of coffee. I couldn&#039;t sleep at all. """,2,2012-04-06,21,train,"Really bad. I didn't feel better at all just constantly ""wired"" like I had drank 6 cups of coffee. I couldn't sleep at all.",24,really bad feel better constantly wired like drank cup coffee could sleep,-0.5717,negative,2
2,29860,Oxazepam,Anxiety,"""I have have drug related issues for ~15 years. Dope, Speed. My, &quot;Psychiatrist&quot; diagnosed me with the word &quot;schizophrenia&quot;, Anti-Phychotics are, VERY DANGEROUS!, they increased my anxiety and stress, MANY MANY, times over. Finally, after 15 years, 3 months, no drugs, I have found Oxazepam. 5mg. I read, you can take up too 120mg!. atm, I think I need about 10mg a day. I am doubting, whether I have &quot;schizophrenia&quot;, at all. I am down to 1/2 minimum dose, tablet of, DANGEROUS Latuda. So called &quot;treatment&quot;, with Anti-Phychotics, is CRIMINAL.""",10,2016-12-04,17,train,"I have have drug related issues for ~15 years. Dope, Speed. My, ""Psychiatrist"" diagnosed me with the word ""schizophrenia"", Anti-Phychotics are, VERY DANGEROUS!, they increased my anxiety and stress, MANY MANY, times over. Finally, after 15 years, 3 months, no drugs, I have found Oxazepam. 5mg. I read, you can take up too 120mg!. atm, I think I need about 10mg a day. I am doubting, whether I have ""schizophrenia"", at all. I am down to 1/2 minimum dose, tablet of, DANGEROUS Latuda. So called ""treatment"", with Anti-Phychotics, is CRIMINAL.",90,drug related issue year dope speed psychiatrist diagnosed word schizophrenia dangerous increased anxiety stress many many time finally year month no drug found oxazepam read take atm think need day doubting whether schizophrenia minimum dose tablet dangerous latuda called treatment criminal,-0.9277,negative,4
3,24754,Amitriptyline / Perphenazine,Anxiety,"""This medicine saved my life when I was 17 years old and so agoraphobic, with panic attacks multiple times a day.  This was back in 1969, and within 6 weeks, I began to go out and go to college and do all the things a normal person does.  I used it for many years, though with a lessened dosage.  It seems especially good for anxiety attacks.  While they did not entirely go away, seemed to lessen them to the extent that they were a minor occasional nuisance rather than something that prevented me from living a normal life and leaving the house.  Yes, psychotherapy also helped, but before this medicine, I had been in therapy for three years and the anxiety/panic only got worse.  Of course, this is just one person&#039;s experience.""",10,2012-06-04,18,test,"This medicine saved my life when I was 17 years old and so agoraphobic, with panic attacks multiple times a day. This was back in 1969, and within 6 weeks, I began to go out and go to college and do all the things a normal person does. I used it for many years, though with a lessened dosage. It seems especially good for anxiety attacks. While they did not entirely go away, seemed to lessen them to the extent that they were a minor occasional nuisance rather than something that prevented me from living a normal life and leaving the house. Yes, psychotherapy also helped, but before this medicine, I had been in therapy for three years and the anxiety/panic only got worse. Of course, this is just one person's experience.",132,medicine saved life year old agoraphobic panic attack multiple time day back within week began go go college thing normal person used many year though lessened dosage seems especially good anxiety attack not entirely go away seemed lessen extent minor occasional nuisance rather something prevented living normal life leaving house yes psychotherapy also helped medicine therapy three year got worse course one person experience,-0.7111,negative,1
4,50313,Gabapentin,Anxiety,"""I am 47 with such an exhausting history of anxiety that had led me to self medicate with alcohol, until finally finding the correct medical doctor.
Doctors in the past have been writing me scrips that have been making me crazier  and crazier, just adding to my problem. Now I am alcohol free with no panic attacks, I have no problems being by myself and keeping occupied with work and fun things to do. I sleep like a baby all through the night. It&#039;s wonderful.""",10,2014-02-28,160,test,"I am 47 with such an exhausting history of anxiety that had led me to self medicate with alcohol, until finally finding the correct medical doctor. Doctors in the past have been writing me scrips that have been making me crazier and crazier, just adding to my problem. Now I am alcohol free with no panic attacks, I have no problems being by myself and keeping occupied with work and fun things to do. I sleep like a baby all through the night. It's wonderful.",85,exhausting history anxiety led self medicate alcohol finally finding correct medical doctor doctor past writing scrip making crazier crazier adding problem alcohol free no panic attack no problem keeping occupied work fun thing sleep like baby night wonderful,-0.6808,negative,3
5,61548,Citalopram,Depression,"""Since 2007, I&#039;ve taken Lexapro in varying doses from 10 - 40 mg. Now 2017, I believe it no longer worked as it once did. My Psychiatrist had mentioned Celexa to me, explaining it&#039;s basically the same compound construction but ONE Molecule. I  have marked Depression, but also suffer from Stress, Anxiety, Post-traumatic Stress, some OCD tendencies, ADHD &amp; sleep issues. I have been on 20 mg of this, Celexa, now for over a week and immediately, within 2-3 days, felt the difference, in a great way! My body is extremely sensitive to certain types of Psych meds. My body also metabolizes medications differently from season to season. I believe at the right dose of this, Celexa, I will be able to come off of the 2mg of Clonazepam. Give it time!""",9,2017-02-08,11,train,"Since 2007, I've taken Lexapro in varying doses from 10 - 40 mg. Now 2017, I believe it no longer worked as it once did. My Psychiatrist had mentioned Celexa to me, explaining it's basically the same compound construction but ONE Molecule. I have marked Depression, but also suffer from Stress, Anxiety, Post-traumatic Stress, some OCD tendencies, ADHD & sleep issues. I have been on 20 mg of this, Celexa, now for over a week and immediately, within 2-3 days, felt the difference, in a great way! My body is extremely sensitive to certain types of Psych meds. My body also metabolizes medications differently from season to season. I believe at the right dose of this, Celexa, I will be able to come off of the 2mg of Clonazepam. Give it time!",132,since taken lexapro varying dos believe no longer worked psychiatrist mentioned celexa explaining basically compound construction one molecule marked depression also suffer stress anxiety stress ocd tendency adhd sleep issue mg celexa week immediately within day felt difference great way body extremely sensitive certain type psych med body also metabolizes medication differently season season believe right dose celexa able come clonazepam give time,-0.9142,negative,3
6,184417,Hydroxyzine,Anxiety,"""I have used Xanax for the past 15 years for severe anxiety and panic attacks...recently my doctor wanted me to try Vistaril in stead..it does NOTHING for my symptoms...going to go back to what I know works! """,1,2013-12-21,82,train,I have used Xanax for the past 15 years for severe anxiety and panic attacks...recently my doctor wanted me to try Vistaril in stead..it does NOTHING for my symptoms...going to go back to what I know works!,37,used xanax past year severe anxiety panic attack recently doctor wanted try vistaril stead nothing symptom going go back know work,-0.784,negative,1
7,147293,Alprazolam,Anxiety,"""Xanax has been a life saver. I have always had problems feeling a little anxious.  But once I was diagnosed as having a brain tumor at 26, it only made things worse.  My doctor prescribed Lexapro, which worked okay, but I didn&#039;t like the way it made me feel, so I stopped taking them on my own.  One particular night about 3 weeks ago, I got so upset that I thought I was having a heart attack.  I was dizzy, chest hurting and pounding, weakness. Nobody could find anything medically wrong with me.  I asked the doctor for something for anxiety to which he prescribed Xanax 0.25mg every 6 hours and within the 30 minutes of taking it, all my symptoms had diminished.  Xanax really saved my life.""",10,2012-01-06,18,train,"Xanax has been a life saver. I have always had problems feeling a little anxious. But once I was diagnosed as having a brain tumor at 26, it only made things worse. My doctor prescribed Lexapro, which worked okay, but I didn't like the way it made me feel, so I stopped taking them on my own. One particular night about 3 weeks ago, I got so upset that I thought I was having a heart attack. I was dizzy, chest hurting and pounding, weakness. Nobody could find anything medically wrong with me. I asked the doctor for something for anxiety to which he prescribed Xanax 0.25mg every 6 hours and within the 30 minutes of taking it, all my symptoms had diminished. Xanax really saved my life.",128,xanax life saver always problem feeling little anxious diagnosed brain tumor made thing worse doctor prescribed lexapro worked okay like way made feel stopped taking one particular night week ago got upset thought heart attack dizzy chest hurting pounding weakness nobody could find anything medically wrong asked doctor something anxiety prescribed xanax every hour within minute taking symptom diminished xanax really saved life,-0.9866,negative,5
8,28658,Lexapro,Anxiety,"""Been on and off anti depressants for 10 years (still can&#039;t believe it). Tried Paxil and currently take 10 mg of Lexapro.  Still do not feel well.  I find running helps me more than anything but I fear the day the running is too much. I&#039;m 40 and in otherwise good health, but I feel pretty lousy almost every single day.  I am happy to read about people doing well on medication, but all I get from it is dizziness/lightheaded.  Still optimistic about one day looking back at this nightmare in disbelief.  Until then.""",4,2012-04-05,13,train,"Been on and off anti depressants for 10 years (still can't believe it). Tried Paxil and currently take 10 mg of Lexapro. Still do not feel well. I find running helps me more than anything but I fear the day the running is too much. I'm 40 and in otherwise good health, but I feel pretty lousy almost every single day. I am happy to read about people doing well on medication, but all I get from it is dizziness/lightheaded. Still optimistic about one day looking back at this nightmare in disbelief. Until then.",94,anti depressant year still ca believe tried paxil currently take mg lexapro still not feel well find running help anything fear day running much otherwise good health feel pretty lousy almost every single day happy read people well medication get still optimistic one day looking back nightmare disbelief,0.5889,positive,0
9,204632,Buspar,Anxiety,"""I tried it for anxiety and aggresive behavior.  With in a few minutes of taking the first dosage I became catonic.  Tried again two more times and each time the same thing;  Dr. changed my medication after that and said that happens in a very few patients on Buspar.""",1,2012-02-13,12,train,I tried it for anxiety and aggresive behavior. With in a few minutes of taking the first dosage I became catonic. Tried again two more times and each time the same thing; Dr. changed my medication after that and said that happens in a very few patients on Buspar.,49,tried anxiety aggresive behavior minute taking first dosage became catonic tried two time time thing changed medication said happens patient buspar,-0.1779,negative,0
10,178129,Duloxetine,Depression,"""I have been on Cymbalta for depression for 3 weeks now. I have had a wide range of side effects sleeplessness, stomach cramps, loss of appetite, sweating, nausea, a constant bad taste in my mouth and a total loss of libido. I spoke to my doctor about this and he said it may take a few weeks to really kick in. I hope it hurries up. I had been on other antidepressants a few years ago with no side effects. After 2 days I feel the medicine has lifted me slightly but not as much as I would have hoped.""",4,2011-08-19,11,train,"I have been on Cymbalta for depression for 3 weeks now. I have had a wide range of side effects sleeplessness, stomach cramps, loss of appetite, sweating, nausea, a constant bad taste in my mouth and a total loss of libido. I spoke to my doctor about this and he said it may take a few weeks to really kick in. I hope it hurries up. I had been on other antidepressants a few years ago with no side effects. After 2 days I feel the medicine has lifted me slightly but not as much as I would have hoped.",100,cymbalta depression week wide range side effect sleeplessness stomach cramp loss appetite sweating nausea constant bad taste mouth total loss libido spoke doctor said may take week really kick hope hurry antidepressant year ago no side effect day feel medicine lifted slightly not much would hoped,-0.4249,negative,2
11,205937,Pristiq,Depression,"""I&#039;ve been taking Pristiq for 3 months. It was working fine. I had to go to 100mg but now it&#039;s getting worse.""",5,2010-01-07,141,train,I've been taking Pristiq for 3 months. It was working fine. I had to go to 100mg but now it's getting worse.,22,taking pristiq month working fine go getting worse,-0.5789,negative,2
12,141172,Escitalopram,Depression,"""I&#039;ve been on Lexapro for about a month and a half now (10/mg). I have not had any differences with my depression or anxiety. In fact my anxiety is still bad. It also makes me crave food that I&#039;m not a huge fan of. Very confusing.""",3,2015-06-29,21,train,I've been on Lexapro for about a month and a half now (10/mg). I have not had any differences with my depression or anxiety. In fact my anxiety is still bad. It also makes me crave food that I'm not a huge fan of. Very confusing.,46,lexapro month half not difference depression anxiety fact anxiety still bad also make crave food not huge fan confusing,-0.9289,negative,7
13,140999,Escitalopram,Anxiety,"""Worst med I ever put in my body. Used to take Paxil 20mg on and off for 9 years and dumbly thought I could try another pill only in case I tried to have kids. And wow worse side effects, insomnia, migraines. I was a hypocondriac and this med caused me to have depression and suicidal thoughts! Did NOT suite me at all. But everyone is different.""",1,2016-02-19,2,train,"Worst med I ever put in my body. Used to take Paxil 20mg on and off for 9 years and dumbly thought I could try another pill only in case I tried to have kids. And wow worse side effects, insomnia, migraines. I was a hypocondriac and this med caused me to have depression and suicidal thoughts! Did NOT suite me at all. But everyone is different.",67,worst med ever put body used take paxil year dumbly thought could try another pill case tried kid wow worse side effect insomnia migraine hypocondriac med caused depression suicidal thought not suite everyone different,-0.8043,negative,5
14,205386,Pristiq,Depression,"""I was prescribed this drug for some stress and anxiety experienced due to some work life balance issues. I took it for 5 days only. By day 3 i could not stay awake or focus and let alone feel OK to drive. I felt sick and had excessive sweats. Constipated and headaches, i stopped on day 5. Day 6 and 7 symptoms continued with lots of nightmare and night sweats and shakes. never again.""",1,2016-03-15,14,train,"I was prescribed this drug for some stress and anxiety experienced due to some work life balance issues. I took it for 5 days only. By day 3 i could not stay awake or focus and let alone feel OK to drive. I felt sick and had excessive sweats. Constipated and headaches, i stopped on day 5. Day 6 and 7 symptoms continued with lots of nightmare and night sweats and shakes. never again.",74,prescribed drug stress anxiety experienced due work life balance issue took day day could not stay awake focus let alone feel ok drive felt sick excessive sweat constipated headache stopped day day symptom continued lot nightmare night sweat shake never,-0.7761,negative,5
15,225837,Bupropion,Depression,"""I have been taking Wellbutrin SR 150mg for five years. Have been doing really well, but here lately I have been really tired, low sex drive, wanting to eat when I am not hungry.  Maybe I need an increase.""",8,2010-09-08,23,test,"I have been taking Wellbutrin SR 150mg for five years. Have been doing really well, but here lately I have been really tired, low sex drive, wanting to eat when I am not hungry. Maybe I need an increase.",39,taking wellbutrin sr five year really well lately really tired low sex drive wanting eat not hungry maybe need increase,-0.5734,negative,7
16,126054,Viibryd,Depression,"""After being diagnosed with severe, chronic and acute depression, anxiety and seasonal affective disorder in February 2001, my therapist referred me to a psychiatrist for medicine management. Was given starter pack September 2011. I&#039;ve been on 40mg for 1 and 1/2 years, during my weekly therapy sessions, my therapist says I give 90% eye contact, whereas with previous medicines I gave eye contact infrequently. I also take Effexor 225mg, Zoloft 200mg and 9mg Ativan [2mg A.M.; 4mg 12:00pm; 3mg evenings], Ambien 10mg.""",10,2013-07-09,28,train,"After being diagnosed with severe, chronic and acute depression, anxiety and seasonal affective disorder in February 2001, my therapist referred me to a psychiatrist for medicine management. Was given starter pack September 2011. I've been on 40mg for 1 and 1/2 years, during my weekly therapy sessions, my therapist says I give 90% eye contact, whereas with previous medicines I gave eye contact infrequently. I also take Effexor 225mg, Zoloft 200mg and 9mg Ativan [2mg A.M.; 4mg 12:00pm; 3mg evenings], Ambien 10mg.",82,diagnosed severe chronic acute depression anxiety seasonal affective disorder february therapist referred psychiatrist medicine management given starter pack september year weekly therapy session therapist say give eye contact whereas previous medicine gave eye contact infrequently also take effexor zoloft ativan evening ambien,-0.8658,negative,6
17,173231,Clonazepam,Anxiety,"""Klonopin is a wonderful drug for anxiety and panic attacks.  However, once you start it is very hard to come off of.  I stopped for 2 yrs and it took me 8 months to feel normal again.  But if you really need it, this in my opinion works wonderful for anxiety and panic attacks.""",10,2010-03-22,35,train,"Klonopin is a wonderful drug for anxiety and panic attacks. However, once you start it is very hard to come off of. I stopped for 2 yrs and it took me 8 months to feel normal again. But if you really need it, this in my opinion works wonderful for anxiety and panic attacks.",54,klonopin wonderful drug anxiety panic attack however start hard come stopped yr took month feel normal really need opinion work wonderful anxiety panic attack,-0.8018,negative,1
18,160383,Buspirone,Anxiety,"""Before starting buspirone I read some awful reviews on it which made me not want to take it. I am now glad that I did start taking it as I&#039;ve had zero side effects and it is slowly making me feel a little more human.""",9,2016-10-23,97,train,Before starting buspirone I read some awful reviews on it which made me not want to take it. I am now glad that I did start taking it as I've had zero side effects and it is slowly making me feel a little more human.,45,starting buspirone read awful review made not want take glad start taking zero side effect slowly making feel little human,-0.0572,negative,5
19,147345,Alprazolam,Anxiety,"""Xanax (Alprazolam) has been a miracle for me. I suffer from depression, severe anxiety from GAD, Panic Disorder, OCD, and PTSD. Xanax helps prevent panic attacks and stop them once they start. Be careful about taking it everyday due to tolerance being built up to the medicine (needing more and more to get the same effect) and because of addiction issues. I don&#039;t take regular Xanax everyday. I try to stick with the extended-release version, if possible, to avoid addiction to regular Xanax. Regular Xanax, however, works hard and fast and is great for those who really need it. I give it a 10/10!""",10,2011-11-24,1,test,"Xanax (Alprazolam) has been a miracle for me. I suffer from depression, severe anxiety from GAD, Panic Disorder, OCD, and PTSD. Xanax helps prevent panic attacks and stop them once they start. Be careful about taking it everyday due to tolerance being built up to the medicine (needing more and more to get the same effect) and because of addiction issues. I don't take regular Xanax everyday. I try to stick with the extended-release version, if possible, to avoid addiction to regular Xanax. Regular Xanax, however, works hard and fast and is great for those who really need it. I give it a 10/10!",104,xanax alprazolam miracle suffer depression severe anxiety gad panic disorder ocd ptsd xanax help prevent panic attack stop start careful taking everyday due tolerance built medicine needing get effect addiction issue take regular xanax everyday try stick version possible avoid addiction regular xanax regular xanax however work hard fast great really need give,-0.9245,negative,6
20,63854,Sertraline,Depression,"""I&#039;ve been taking Setraline for about two weeks for Social anxiety and depression. . I used to take Paroxetine for 3 years and had to switch to Sertraline. Since I&#039;m taking Sertraline I&#039;ve noticed that I am grumpy and have a very short temper. Any little thing can blow my lid and I honestly hate myself at the moment. I&#039;m so easily irritated that it really annoys me. Yes, I&#039;m getting mad at myself for getting mad at anything. I experience no sexual side effects which is good because Paroxetine kind of muted me down there. It doesn&#039;t help much with my depression or social anxiety at the moment. I&#039;ll give it a month and maybe increase the dosage.""",6,2017-08-31,7,test,"I've been taking Setraline for about two weeks for Social anxiety and depression. . I used to take Paroxetine for 3 years and had to switch to Sertraline. Since I'm taking Sertraline I've noticed that I am grumpy and have a very short temper. Any little thing can blow my lid and I honestly hate myself at the moment. I'm so easily irritated that it really annoys me. Yes, I'm getting mad at myself for getting mad at anything. I experience no sexual side effects which is good because Paroxetine kind of muted me down there. It doesn't help much with my depression or social anxiety at the moment. I'll give it a month and maybe increase the dosage.",119,taking setraline two week social anxiety depression used take paroxetine year switch sertraline since taking sertraline noticed grumpy short temper little thing blow lid honestly hate moment easily irritated really annoys yes getting mad getting mad anything experience no sexual side effect good paroxetine kind muted help much depression social anxiety moment give month maybe increase dosage,-0.9614,negative,2
21,195968,Levomilnacipran,Depression,"""The doctor tried this to help with depression and bipolar disorder.  It caused more anxiety and didn&#039;t work well at all.  Only stayed on it 2 weeks and couldn&#039;t take it anymore.""",3,2014-08-11,40,train,The doctor tried this to help with depression and bipolar disorder. It caused more anxiety and didn't work well at all. Only stayed on it 2 weeks and couldn't take it anymore.,32,doctor tried help depression bipolar disorder caused anxiety work well stayed week could take anymore,-0.7584,negative,6
22,224733,Bupropion,Depression,"""I was on Prozac for somewhere around a year, and my dr prescribed me bupropion to go along with the Prozac. This absolutely ruined my life. I was doing good before it. Not perfect but satisfactory. When I started taking bupropion it gave me adrenaline rushes which led to panic attacks. Even after being off of the medicine around a year I still have panic attacks and have gone through so many Medicines trying to fix the problem. And I&#039;ve been reading the experiences of others and unfortunately some people never get over the effects. Please don&#039;t take this medicine. It&#039;s not worth it. Maybe it helps people. But for others like me, it is prescribed flippantly and has awful effects.""",1,2017-09-25,3,train,"I was on Prozac for somewhere around a year, and my dr prescribed me bupropion to go along with the Prozac. This absolutely ruined my life. I was doing good before it. Not perfect but satisfactory. When I started taking bupropion it gave me adrenaline rushes which led to panic attacks. Even after being off of the medicine around a year I still have panic attacks and have gone through so many Medicines trying to fix the problem. And I've been reading the experiences of others and unfortunately some people never get over the effects. Please don't take this medicine. It's not worth it. Maybe it helps people. But for others like me, it is prescribed flippantly and has awful effects.",121,prozac somewhere around year dr prescribed bupropion go along prozac absolutely ruined life good not perfect satisfactory started taking bupropion gave adrenaline rush led panic attack even medicine around year still panic attack gone many medicine trying fix problem reading experience others unfortunately people never get effect please take medicine not worth maybe help people others like prescribed flippantly awful effect,-0.9765,negative,5
23,224476,Bupropion,Depression,"""This medicine has done nothing for my anxiety and depression, but it has made me impotent, fat, lethargic, and I am suffering from angioedema regularly. (Look that one up, and enjoy)""",1,2017-11-11,3,train,"This medicine has done nothing for my anxiety and depression, but it has made me impotent, fat, lethargic, and I am suffering from angioedema regularly. (Look that one up, and enjoy)",31,medicine done nothing anxiety depression made impotent fat lethargic suffering angioedema regularly look one enjoy,-0.8931,negative,3
24,172780,Clonazepam,Anxiety,"""I have been on Clonezepam for 2 different reasons. 1 for Anxiety 1mg pill 3xs a day, and then 1mg at bedtime to help Insomnia. It REALLY helps with the anxiety part with me losing both parents &amp; dealing with my own rheumatoid arthritis at age 26. To those worried about becoming addicted or physically dependent on this medicine, I wouldn&#039;t worry about it too much as I been on it for 3  yrs now and I haven&#039;t had to had to up my dose at all and have been on steady 4mg daily. There were a few times where my doctor went on vacation &amp; it was my fault for not getting my script early. My Anxiety was bad for 3-4 days BUT I felt NO WITHDRAWALS or SICKNESS at all from lack of the clonazepam.""",10,2013-12-27,33,train,"I have been on Clonezepam for 2 different reasons. 1 for Anxiety 1mg pill 3xs a day, and then 1mg at bedtime to help Insomnia. It REALLY helps with the anxiety part with me losing both parents & dealing with my own rheumatoid arthritis at age 26. To those worried about becoming addicted or physically dependent on this medicine, I wouldn't worry about it too much as I been on it for 3 yrs now and I haven't had to had to up my dose at all and have been on steady 4mg daily. There were a few times where my doctor went on vacation & it was my fault for not getting my script early. My Anxiety was bad for 3-4 days BUT I felt NO WITHDRAWALS or SICKNESS at all from lack of the clonazepam.",137,clonezepam different reason anxiety pill day bedtime help insomnia really help anxiety part losing parent dealing rheumatoid arthritis age worried becoming addicted physically dependent medicine would worry much yr dose steady daily time doctor went vacation fault not getting script early anxiety bad day felt no withdrawal sickness lack clonazepam,-0.8602,negative,6
25,160724,Buspirone,Anxiety,"""I got put on Buspirone to treat my Social Anxiety Disorder which included several panic attacks in embarrassing social situations and must say that it has generally helped out with my problem. I am on 10mgs three times a day, and despite the side effects which include dizziness and intense light-hededness, I must say the only problem I have with this medicine is the potential to over use it. I find myself needing to take more than I&#039;m supposed to daily, perhaps need to talk to my doctor about a dosage increase. Overall though very helpful.""",8,2012-03-18,5,train,"I got put on Buspirone to treat my Social Anxiety Disorder which included several panic attacks in embarrassing social situations and must say that it has generally helped out with my problem. I am on 10mgs three times a day, and despite the side effects which include dizziness and intense light-hededness, I must say the only problem I have with this medicine is the potential to over use it. I find myself needing to take more than I'm supposed to daily, perhaps need to talk to my doctor about a dosage increase. Overall though very helpful.",96,got put buspirone treat social anxiety disorder included several panic attack embarrassing social situation must say generally helped problem three time day despite side effect include dizziness intense must say problem medicine potential use find needing take supposed daily perhaps need talk doctor dosage increase overall though helpful,-0.8484,negative,6
26,141939,Escitalopram,Depression,"""I take 10 mg/day. Before I started taking this I felt as though I had severe PMS everyday. I suffer from moderate to severe depression, anxiety, mood swings, anger problems, and OCD. My therapist has diagnosed me with PTSD. Anyway, the first week of taking this I had a lot of side-effects. I took it in the evening, and had insomnia. Waking up a lot at night. Initially, the first week, I also had decreased appetite and chest pain that would come and go. After the first week I began taking it in the morning. The insomnia and all other symptoms subsided, but then I became extremely tired during the day. I&#039;m now taking it in the evening again. Helps A LOT. No more depression or irritability. Only problem now is increased appetite.""",10,2009-11-18,35,train,"I take 10 mg/day. Before I started taking this I felt as though I had severe PMS everyday. I suffer from moderate to severe depression, anxiety, mood swings, anger problems, and OCD. My therapist has diagnosed me with PTSD. Anyway, the first week of taking this I had a lot of side-effects. I took it in the evening, and had insomnia. Waking up a lot at night. Initially, the first week, I also had decreased appetite and chest pain that would come and go. After the first week I began taking it in the morning. The insomnia and all other symptoms subsided, but then I became extremely tired during the day. I'm now taking it in the evening again. Helps A LOT. No more depression or irritability. Only problem now is increased appetite.",133,take started taking felt though severe pm everyday suffer moderate severe depression anxiety mood swing anger problem ocd therapist diagnosed ptsd anyway first week taking lot took evening insomnia waking lot night initially first week also decreased appetite chest pain would come go first week began taking morning insomnia symptom subsided became extremely tired day taking evening help lot no depression irritability problem increased appetite,-0.9777,negative,2
27,115228,Diazepam,Anxiety,"""I was given 5 mg to take the night before a dental visit as I have severe anxiety and 5 mg to take an hour before the appt. I took the 5 mg of Valium in place of my Xanax and within 4 hours was throwing up and having the worst panic attacks. Had to call my doctor for Phenergan to stop the vomiting.""",1,2009-11-02,14,train,I was given 5 mg to take the night before a dental visit as I have severe anxiety and 5 mg to take an hour before the appt. I took the 5 mg of Valium in place of my Xanax and within 4 hours was throwing up and having the worst panic attacks. Had to call my doctor for Phenergan to stop the vomiting.,64,given mg take night dental visit severe anxiety mg take hour appt took mg valium place xanax within hour throwing worst panic attack call doctor phenergan stop vomiting,-0.9413,negative,5
28,204078,Escitalopram,Anxiety,"""All my life I&#039;ve suffered from depression. Within the last year, severe anxiety came out of nowhere and I&#039;d have about 2 or three bad attacks per month, on top of the multiple small attacks I&#039;d get daily. ESPECIALLY in social settings. But even alone. I completely withdrew myself from my classes and my social life because of this. 

 I started going to church. Meditating, running, praying, dieting, yoga, and trying to practice mindfulness.The failed attempts worsened my depression.

 I wanted the anxiety to stop so bad that I frequently considered suicide.  Its been less than a day taking Lexapro but I&#039;m so hopeful. Everything that felt like such a huge deal just hours ago are so minimal now. """,8,2014-04-01,89,train,"All my life I've suffered from depression. Within the last year, severe anxiety came out of nowhere and I'd have about 2 or three bad attacks per month, on top of the multiple small attacks I'd get daily. ESPECIALLY in social settings. But even alone. I completely withdrew myself from my classes and my social life because of this. I started going to church. Meditating, running, praying, dieting, yoga, and trying to practice mindfulness.The failed attempts worsened my depression. I wanted the anxiety to stop so bad that I frequently considered suicide. Its been less than a day taking Lexapro but I'm so hopeful. Everything that felt like such a huge deal just hours ago are so minimal now.",119,life suffered depression within last year severe anxiety came nowhere three bad attack per month top multiple small attack get daily especially social setting even alone completely withdrew class social life started going church meditating running praying dieting yoga trying practice failed attempt worsened depression wanted anxiety stop bad frequently considered suicide less day taking lexapro hopeful everything felt like huge deal hour ago minimal,-0.9793,negative,1
29,75396,Vistaril,Anxiety,"""I&#039;ve been taking Vistaril 25 mg for 3 weeks and it has not helped me what so ever. At first I felt a little less nervous but when I had to go to an assembly it kicked right back up! Now I&#039;m getting ready to get on Lexapro. Hopefully this drug works for me.""",3,2009-05-19,17,train,I've been taking Vistaril 25 mg for 3 weeks and it has not helped me what so ever. At first I felt a little less nervous but when I had to go to an assembly it kicked right back up! Now I'm getting ready to get on Lexapro. Hopefully this drug works for me.,54,taking vistaril mg week not helped ever first felt little less nervous go assembly kicked right back getting ready get lexapro hopefully drug work,0.78,positive,2
30,224669,Bupropion,Depression,"""Since I lost my father in 2001  I have felt so depressed and had no will to live and my mother did not believe in medication so I went through my life in the fog of depression and anxiety. I was not able to focus so I barely got by with my grades in school. I was starting to fail out and everything got to be too much so I went to counseling and they suggested that I see a psychiatrist and I did and it was the best decision of my life. I got prescribed Bupropion SR and Gabapentin. Bupropion helped me tremendously. I was energetic and motivated and I took Gabapentin at night to sleep. Everyone that told me that antidepressants just mask your depression are full of crap!""",9,2017-06-21,14,train,Since I lost my father in 2001 I have felt so depressed and had no will to live and my mother did not believe in medication so I went through my life in the fog of depression and anxiety. I was not able to focus so I barely got by with my grades in school. I was starting to fail out and everything got to be too much so I went to counseling and they suggested that I see a psychiatrist and I did and it was the best decision of my life. I got prescribed Bupropion SR and Gabapentin. Bupropion helped me tremendously. I was energetic and motivated and I took Gabapentin at night to sleep. Everyone that told me that antidepressants just mask your depression are full of crap!,131,since lost father felt depressed no live mother not believe medication went life fog depression anxiety not able focus barely got grade school starting fail everything got much went counseling suggested see psychiatrist best decision life got prescribed bupropion sr gabapentin bupropion helped tremendously energetic motivated took gabapentin night sleep everyone told antidepressant mask depression full crap,-0.9162,negative,3
31,176249,Lorazepam,Anxiety,"""BEWARE!!  Some people have no problem with this benzodiazepine yet there are many who do such as myself.  I took it for hyper thyroid.  It has ruined the last 14 months of my life!!!  Words cannot express the mental and physical torture I experience daily. PLEASE Google Professor Ashton to read the side effects.  Visit Benzo Buddies.  You will learn about the horrors these meds cause as well as success stories of those who survived this!  There has been a bill introduced in Massachusetts to get doctors to warn their patients!!  Warn everyone you know!  Don&#039;t be fooled!  My world has been turned upside down and I don&#039;t want it to happen to you!!""",1,2016-05-02,24,train,BEWARE!! Some people have no problem with this benzodiazepine yet there are many who do such as myself. I took it for hyper thyroid. It has ruined the last 14 months of my life!!! Words cannot express the mental and physical torture I experience daily. PLEASE Google Professor Ashton to read the side effects. Visit Benzo Buddies. You will learn about the horrors these meds cause as well as success stories of those who survived this! There has been a bill introduced in Massachusetts to get doctors to warn their patients!! Warn everyone you know! Don't be fooled! My world has been turned upside down and I don't want it to happen to you!!,114,beware people no problem benzodiazepine yet many took hyper thyroid ruined last month life word not express mental physical torture experience daily please google professor ashton read side effect visit benzo buddy learn horror med cause well success story survived bill introduced massachusetts get doctor warn patient warn everyone know fooled world turned upside want happen,-0.6676,negative,5
32,141667,Escitalopram,Depression,"""I was put on Lexapro for depression. I also had a bad case of obsessive compulsive disorder and a little anxiety. Lexapro did wonders for me. I am rarely sad anymore. My OCD is almost gone. I feel a lot better about myself. I used to be very shy and insecure because of my anxiety. But now, I&#039;m more confident and able to talk to people without feeling so anxious and scared.""",10,2012-06-12,50,train,"I was put on Lexapro for depression. I also had a bad case of obsessive compulsive disorder and a little anxiety. Lexapro did wonders for me. I am rarely sad anymore. My OCD is almost gone. I feel a lot better about myself. I used to be very shy and insecure because of my anxiety. But now, I'm more confident and able to talk to people without feeling so anxious and scared.",72,put lexapro depression also bad case obsessive compulsive disorder little anxiety lexapro wonder rarely sad anymore ocd almost gone feel lot better used shy insecure anxiety confident able talk people without feeling anxious scared,-0.8672,negative,3
33,30433,Klonopin,Anxiety,"""I started off 0.5 mg 2x per day. I now take 1mg of Klonopin 3x per day. I no longer have the unsteadiness on my feet and my anxiety has decreased even more (this despite being unemployed, as well as being a burn patient with severe nerve pain). Only caveat is to take EXACTLY as prescribed, otherwise will become dependent or have severe withdrawal if taken more than supposed to. """,10,2009-08-29,28,train,"I started off 0.5 mg 2x per day. I now take 1mg of Klonopin 3x per day. I no longer have the unsteadiness on my feet and my anxiety has decreased even more (this despite being unemployed, as well as being a burn patient with severe nerve pain). Only caveat is to take EXACTLY as prescribed, otherwise will become dependent or have severe withdrawal if taken more than supposed to.",70,started mg per day take klonopin per day no longer unsteadiness foot anxiety decreased even despite unemployed well burn patient severe nerve pain caveat take exactly prescribed otherwise become dependent severe withdrawal taken supposed,-0.7096,negative,6
34,89229,Celexa,Depression,"""i have tried almost all SSRI that are commonly used and celexa works just like all the rest of them. It makes me feel out of it like I&#039;m not really here and makes me extremely tired I sleep about 4 hours a day. It does help with some of my anxiety not all of it and it does help with anger""",3,2016-05-24,26,train,i have tried almost all SSRI that are commonly used and celexa works just like all the rest of them. It makes me feel out of it like I'm not really here and makes me extremely tired I sleep about 4 hours a day. It does help with some of my anxiety not all of it and it does help with anger,62,tried almost ssri commonly used celexa work like rest make feel like not really make extremely tired sleep hour day help anxiety not help anger,0.204,positive,0
35,117672,Nortriptyline,Depression,"""I had no problem with Nortriptyline.  I had to take it in conjunction with Lithium for depression.  My problem was when I QUIT taking it.  I&#039;m dizzy, sick to my stomach, I have ringing in my ears, I&#039;m irritated all the time and I can&#039;t sleep.  Just be prepared in case you stop taking it too.""",8,2012-02-21,53,train,"I had no problem with Nortriptyline. I had to take it in conjunction with Lithium for depression. My problem was when I QUIT taking it. I'm dizzy, sick to my stomach, I have ringing in my ears, I'm irritated all the time and I can't sleep. Just be prepared in case you stop taking it too.",56,no problem nortriptyline take conjunction lithium depression problem quit taking dizzy sick stomach ringing ear irritated time ca sleep prepared case stop taking,-0.9571,negative,5
36,62346,Citalopram,Depression,"""I started taking Celexa about five months ago and let me tell you, my life is finally normal. I had been suffering from depression and anxiety since I was 13 and it got significantly worse over the course of five years until I was crying and enraged over anything and everything. I could not think straight. Even when I knew I was getting mad over something small, I could not control my anger. I am currently taking 20 mg of Celexa and experiencing no side effects. I am completely back to normal on this medicine. I can think straight and I am happy!""",10,2012-04-02,22,train,"I started taking Celexa about five months ago and let me tell you, my life is finally normal. I had been suffering from depression and anxiety since I was 13 and it got significantly worse over the course of five years until I was crying and enraged over anything and everything. I could not think straight. Even when I knew I was getting mad over something small, I could not control my anger. I am currently taking 20 mg of Celexa and experiencing no side effects. I am completely back to normal on this medicine. I can think straight and I am happy!",103,started taking celexa five month ago let tell life finally normal suffering depression anxiety since got significantly worse course five year cry enraged anything everything could not think straight even knew getting mad something small could not control anger currently taking mg celexa experiencing no side effect completely back normal medicine think straight happy,-0.9495,negative,3
37,28207,Lexapro,Anxiety,"""I noticed pretty good results within two weeks- my general anxiety lowered significantly, but I still get frequent panic attacks.""",9,2015-05-30,19,train,"I noticed pretty good results within two weeks- my general anxiety lowered significantly, but I still get frequent panic attacks.",20,noticed pretty good result within two general anxiety lowered significantly still get frequent panic attack,-0.7814,negative,1
38,172474,Clonazepam,Anxiety,"""It is horrible. I am cutting down according to doctors recomendations! I now take just .5 mg at bed time around 8 pm. I get hit with drowsiness mid day, even though I haven,t taken any medications or supplements! This horrible medication doesn,t even help my anxiety! Xanax is the worst benzodiazepine! It caused terrible rebound anxiety! And if you have depression, or know anyone with this problem, NEVER HAVE MORE THAN 3 YEARS OF ELECTRO CONVULSIVE TREATMENT! I HAVE MANY PROBLEMS DUE TO A FALL, AND HITTING MY HEAD! MY LIFE HAS BEEN HE&#039;LL SINCE THEN! TAKE EXTREME CAUTION! CHECK OUT YOUR DOCTOR VERY CAREFULLY! MINE WAS A QUACK!""",2,2016-05-15,4,train,"It is horrible. I am cutting down according to doctors recomendations! I now take just .5 mg at bed time around 8 pm. I get hit with drowsiness mid day, even though I haven,t taken any medications or supplements! This horrible medication doesn,t even help my anxiety! Xanax is the worst benzodiazepine! It caused terrible rebound anxiety! And if you have depression, or know anyone with this problem, NEVER HAVE MORE THAN 3 YEARS OF ELECTRO CONVULSIVE TREATMENT! I HAVE MANY PROBLEMS DUE TO A FALL, AND HITTING MY HEAD! MY LIFE HAS BEEN HE'LL SINCE THEN! TAKE EXTREME CAUTION! CHECK OUT YOUR DOCTOR VERY CAREFULLY! MINE WAS A QUACK!",110,horrible cutting according doctor recomendations take mg bed time around pm get hit drowsiness mid day even though taken medication supplement horrible medication even help anxiety xanax worst benzodiazepine caused terrible rebound anxiety depression know anyone problem never year electro convulsive treatment many problem due fall hitting head life since take extreme caution check doctor carefully mine quack,-0.9737,negative,6
39,186130,Desvenlafaxine,Depression,"""Pristiq is the only anti depressant I&#039;ve ever tried.
26. Recovering bulimic.
Anxiety/depression.
I put off taking AD&#039;s for years and tried everything but...but couldn&#039;t stop throwing up my food due to bouts of anxiety and sadness.
Pristiq is working for me and I now have my life back. I am so happy now.
Normal weight and attitude towards myself and food.
This saved me.

Miss a tablet and it causes dizzyness and nausea. Also hot and cold flushes if you go nearly 48hrs without it.
Super lightweight on alchohol and makes hangovers worse.
But I didn&#039;t expect this drug to work for me at all. I thought I would live with an ED for the rest of my life and that it would be a struggle.
Not anymore.
But""",10,2016-02-21,2,train,Pristiq is the only anti depressant I've ever tried. 26. Recovering bulimic. Anxiety/depression. I put off taking AD's for years and tried everything but...but couldn't stop throwing up my food due to bouts of anxiety and sadness. Pristiq is working for me and I now have my life back. I am so happy now. Normal weight and attitude towards myself and food. This saved me. Miss a tablet and it causes dizzyness and nausea. Also hot and cold flushes if you go nearly 48hrs without it. Super lightweight on alchohol and makes hangovers worse. But I didn't expect this drug to work for me at all. I thought I would live with an ED for the rest of my life and that it would be a struggle. Not anymore. But,130,pristiq anti depressant ever tried recovering bulimic put taking ad year tried everything could stop throwing food due bout anxiety sadness pristiq working life back happy normal weight attitude towards food saved miss tablet cause dizzyness nausea also hot cold flush go nearly without super lightweight alchohol make hangover worse expect drug work thought would live ed rest life would struggle not anymore,-0.7103,negative,3
40,112135,Gabapentin,Anxiety,"""I am an alcoholic with severe anxiety and depression.  I am prescribed the max dose (1,200 mgs) 3x a day.  I find some relief, but not the same relief I am looking for when I take benzos like Klonopin.  I really only notice the effects of Gabapentin when I am not taking it, because I am a nervous wreck.  During the &quot;experience&quot; I might just be numbed to knowing how I feel, and I think this is the point of the medication.""",7,2017-04-20,35,train,"I am an alcoholic with severe anxiety and depression. I am prescribed the max dose (1,200 mgs) 3x a day. I find some relief, but not the same relief I am looking for when I take benzos like Klonopin. I really only notice the effects of Gabapentin when I am not taking it, because I am a nervous wreck. During the ""experience"" I might just be numbed to knowing how I feel, and I think this is the point of the medication.",82,alcoholic severe anxiety depression prescribed max dose mg day find relief not relief looking take benzos like klonopin really notice effect gabapentin not taking nervous wreck experience might numbed knowing feel think point medication,-0.4404,negative,6
41,62243,Citalopram,Depression,"""I am a 20 year old female who has suffered from depression for 5 years. I have tried many different medications and have had little to no luck with anything, until my doctor prescribed me Citalopram. I feel great. I feel tired alot more often, but that&#039;s the only side effect I have noticed. I&#039;d recommend this medication to anyone who feels their current depression medication isn&#039;t working. Hope I&#039;ve helped.""",9,2013-09-04,23,train,"I am a 20 year old female who has suffered from depression for 5 years. I have tried many different medications and have had little to no luck with anything, until my doctor prescribed me Citalopram. I feel great. I feel tired alot more often, but that's the only side effect I have noticed. I'd recommend this medication to anyone who feels their current depression medication isn't working. Hope I've helped.",71,year old female suffered depression year tried many different medication little no luck anything doctor prescribed citalopram feel great feel tired alot often side effect noticed recommend medication anyone feel current depression medication working hope helped,-0.8101,negative,3
42,28036,Lexapro,Depression,"""I paid $250 for the brand name after having tried the generic 3 months ago with horrible results. Started at 5 mg; immediate increase in anxiety. Bad dreams, insomnia, diarrhea. Doctor said to go up to 10 mg after one week; could not focus, could not eat, intense agitation, uncontrollable crying, crazy thoughts. Anxiety hit the roof- couldn&#039;t leave then house. Saw a pychologist/ next a psychiatrist- immediately stopped the lexapro and within 24 hours felt 90% better.  This drug is not for all. Sexual side effects and weight gain are high for most.  Do your homework.""",1,2016-02-20,34,train,"I paid $250 for the brand name after having tried the generic 3 months ago with horrible results. Started at 5 mg; immediate increase in anxiety. Bad dreams, insomnia, diarrhea. Doctor said to go up to 10 mg after one week; could not focus, could not eat, intense agitation, uncontrollable crying, crazy thoughts. Anxiety hit the roof- couldn't leave then house. Saw a pychologist/ next a psychiatrist- immediately stopped the lexapro and within 24 hours felt 90% better. This drug is not for all. Sexual side effects and weight gain are high for most. Do your homework.",97,paid brand name tried generic month ago horrible result started mg immediate increase anxiety bad dream insomnia diarrhea doctor said go mg one week could not focus could not eat intense agitation uncontrollable cry crazy thought anxiety hit could leave house saw next immediately stopped lexapro within hour felt better drug not sexual side effect weight gain high homework,-0.7457,negative,2
43,45495,Fluoxetine,Depression,"""I&#039;ve been taking this medication for 10 months. It has really saved my relationship. I was always moody, crabby &amp; wanted to be alone! I also have PMDD and it has helped with that too. The only down side is my decrease in sexual  drive. It is now hurting my relationship.""",8,2015-04-13,13,train,"I've been taking this medication for 10 months. It has really saved my relationship. I was always moody, crabby & wanted to be alone! I also have PMDD and it has helped with that too. The only down side is my decrease in sexual drive. It is now hurting my relationship.",51,taking medication month really saved relationship always moody crabby wanted alone also pmdd helped side decrease sexual drive hurting relationship,-0.5266,negative,3
44,160267,Buspirone,Anxiety,"""Started taking the lowest dose, when that seemed ineffective the doctor upped the dosage, a few times. The entire time I was on the medication I had horrible dizzy spells. I had to time my taking it just right so I would be able to drive to work safely. At first I felt better. I was hoping this was the medicine that would help me with my anxiety. I had hope my body would &quot;get used to it&quot; and the dizziness would eventually end. That never happened. I gave it a full year (I know now how ridiculous that was). During this time period I also had really negative thoughts that I absolutely believe were linked to the medication. I have been off of it and on a different medication for almost a year now and can finally see what it was doing to me.""",1,2017-06-20,7,train,"Started taking the lowest dose, when that seemed ineffective the doctor upped the dosage, a few times. The entire time I was on the medication I had horrible dizzy spells. I had to time my taking it just right so I would be able to drive to work safely. At first I felt better. I was hoping this was the medicine that would help me with my anxiety. I had hope my body would ""get used to it"" and the dizziness would eventually end. That never happened. I gave it a full year (I know now how ridiculous that was). During this time period I also had really negative thoughts that I absolutely believe were linked to the medication. I have been off of it and on a different medication for almost a year now and can finally see what it was doing to me.",145,started taking lowest dose seemed ineffective doctor upped dosage time entire time medication horrible dizzy spell time taking right would able drive work safely first felt better hoping medicine would help anxiety hope body would get used dizziness would eventually end never happened gave full year know ridiculous time period also really negative thought absolutely believe linked medication different medication almost year finally see,-0.2944,negative,5
45,94216,Trintellix,Depression,"""Started at 10mg for 2 weeks and took 20 for 4 weeks. Some nausea and itchy skin first 2 weeks then no noticeable side effects. However, I did experience elevated blood pressure and severe ringing in both ears but was also taking large dose of prednisone at that time for cluster headaches. Stopped taking everything and BP returned to normal. Before the BP spike, this stuff was working exactly as stated. Have tried to restart but vomit every time.""",8,2015-04-23,27,train,"Started at 10mg for 2 weeks and took 20 for 4 weeks. Some nausea and itchy skin first 2 weeks then no noticeable side effects. However, I did experience elevated blood pressure and severe ringing in both ears but was also taking large dose of prednisone at that time for cluster headaches. Stopped taking everything and BP returned to normal. Before the BP spike, this stuff was working exactly as stated. Have tried to restart but vomit every time.",79,started week took week nausea itchy skin first week no noticeable side effect however experience elevated blood pressure severe ringing ear also taking large dose prednisone time cluster headache stopped taking everything bp returned normal bp spike stuff working exactly stated tried restart vomit every time,-0.7096,negative,2
46,125827,Viibryd,Depression,"""My dr gave me two sample packs and told me to take all the 10mg tablets and once I was done I could go up to 20mg if I needed it, but I continue to get a prescription for 20mg and cut them in half so it lasts me twice as long. She told me I would have upset stomach the first night and that was literally the only bad side effect I had! I take it after dinner/before bed. Right away it made me feel more awake, able to handle things my stressors better, and gave me a general sense of well being. I can still get aggravated so I don&#039;t feel like a zombie, and I&#039;m still able to have the big O. I am 36 and have tried 10 or so different antidepressants over the years since I was in my late teens and nothing has ever worked as well as this.""",10,2016-12-15,47,train,"My dr gave me two sample packs and told me to take all the 10mg tablets and once I was done I could go up to 20mg if I needed it, but I continue to get a prescription for 20mg and cut them in half so it lasts me twice as long. She told me I would have upset stomach the first night and that was literally the only bad side effect I had! I take it after dinner/before bed. Right away it made me feel more awake, able to handle things my stressors better, and gave me a general sense of well being. I can still get aggravated so I don't feel like a zombie, and I'm still able to have the big O. I am 36 and have tried 10 or so different antidepressants over the years since I was in my late teens and nothing has ever worked as well as this.",155,dr gave two sample pack told take tablet done could go needed continue get prescription cut half last twice long told would upset stomach first night literally bad side effect take bed right away made feel awake able handle thing stressor better gave general sense well still get aggravated feel like zombie still able big tried different antidepressant year since late teen nothing ever worked well,-0.9325,negative,5
47,112249,Gabapentin,Anxiety,"""Suffered from extreme anxiety and depression for years. Now taking 900mg of gabapentin daily and anxiety has disappeared. Side effects dizziness, unpleasant tasting food but worth it as anxiety is gone.""",10,2017-02-08,52,train,"Suffered from extreme anxiety and depression for years. Now taking 900mg of gabapentin daily and anxiety has disappeared. Side effects dizziness, unpleasant tasting food but worth it as anxiety is gone.",31,suffered extreme anxiety depression year taking gabapentin daily anxiety disappeared side effect dizziness unpleasant tasting food worth anxiety gone,-0.7469,negative,7
48,45971,Fluoxetine,Depression,"""It&#039;s always a test of one person. Everyone will have anti-depressants that work best for them. I tried Lexapro and Wellbutrin. I hated Wellbutrin. Prozac gave me ZERO side effects. No sexual frustration, no irritability, and no insomnia. I&#039;m on my 6th month and just got bumped from 20mg to 40mg because of seasonal depression and feel a HUGE deal better. I&#039;ve lost 10lbs in 3 weeks because my appetite and drinking are also under control. I&#039;ve also heard Prozac is associated with weight loss. If something isn&#039;t working for you, give it a try. """,9,2014-02-09,97,train,"It's always a test of one person. Everyone will have anti-depressants that work best for them. I tried Lexapro and Wellbutrin. I hated Wellbutrin. Prozac gave me ZERO side effects. No sexual frustration, no irritability, and no insomnia. I'm on my 6th month and just got bumped from 20mg to 40mg because of seasonal depression and feel a HUGE deal better. I've lost 10lbs in 3 weeks because my appetite and drinking are also under control. I've also heard Prozac is associated with weight loss. If something isn't working for you, give it a try.",95,always test one person everyone work best tried lexapro wellbutrin hated wellbutrin prozac gave zero side effect no sexual frustration no irritability no insomnia month got bumped seasonal depression feel huge deal better lost week appetite drinking also control also heard prozac associated weight loss something working give try,-0.9094,negative,7
49,28308,Lexapro,Anxiety,"""There are a lot of negative reviews about this medicine and it&#039;s side effects, and that makes a lot of people beginning the medicine, including myself, freak out. The people having a positive experience with Lexapro are out living life. Don&#039;t be discouraged. For me, Lexapro started working in the second week, but would work on and off for the first month. I started at 5mg and slowly went up to 15. I&#039;m on week 5 and it hasn&#039;t done much for my anxiety (yet) but it has helped my moods tremendously. For the first month I had muscle aches and headaches, and I was really tired and unmotivated. That went away in week 4 and I&#039;m feeling better than I have felt in two years.""",8,2014-08-19,70,train,"There are a lot of negative reviews about this medicine and it's side effects, and that makes a lot of people beginning the medicine, including myself, freak out. The people having a positive experience with Lexapro are out living life. Don't be discouraged. For me, Lexapro started working in the second week, but would work on and off for the first month. I started at 5mg and slowly went up to 15. I'm on week 5 and it hasn't done much for my anxiety (yet) but it has helped my moods tremendously. For the first month I had muscle aches and headaches, and I was really tired and unmotivated. That went away in week 4 and I'm feeling better than I have felt in two years.",126,lot negative review medicine side effect make lot people beginning medicine including freak people positive experience lexapro living life discouraged lexapro started working second week would work first month started slowly went week done much anxiety yet helped mood tremendously first month muscle ache headache really tired unmotivated went away week feeling better felt two year,-0.7967,negative,2
50,49885,Gabapentin,Anxiety,"""I have been diagnosed with GAD, Panic Disorder and PTSD. I was having a hard time managing my anxiety with my Zoloft and Xanax only combo so my pdoc prescribed 300 mg Gabapentin 1/day. I did not feel much relief from this dose and it was upped to 300 mg 3/day. It&#039;s been 4 months and I have since had to increase to 600 mg 3/day and it&#039;s  been really working for me. I do not have many side effects. I can tell if I miss a dose as withdrawal symptoms come rather quickly. I have not gained or lost weight. I am not overly tired and it does not make me feel restless. Overall, this med is working for me and I am glad my pdoc suggested I try it.""",8,2016-03-08,66,train,"I have been diagnosed with GAD, Panic Disorder and PTSD. I was having a hard time managing my anxiety with my Zoloft and Xanax only combo so my pdoc prescribed 300 mg Gabapentin 1/day. I did not feel much relief from this dose and it was upped to 300 mg 3/day. It's been 4 months and I have since had to increase to 600 mg 3/day and it's been really working for me. I do not have many side effects. I can tell if I miss a dose as withdrawal symptoms come rather quickly. I have not gained or lost weight. I am not overly tired and it does not make me feel restless. Overall, this med is working for me and I am glad my pdoc suggested I try it.",131,diagnosed gad panic disorder ptsd hard time managing anxiety zoloft xanax combo pdoc prescribed mg gabapentin not feel much relief dose upped mg month since increase mg really working not many side effect tell miss dose withdrawal symptom come rather quickly not gained lost weight not overly tired not make feel restless overall med working glad pdoc suggested try,-0.6975,negative,6
