benchmark_id,condition,rating,review_clean,bart_summary,bart_inference_seconds,bart_compression_ratio,t5_summary,t5_inference_seconds,t5_compression_ratio,gpt2_output,gpt2_inference_seconds,gpt2_compression_ratio
1,Depression,2,"Really bad. I didn't feel better at all just constantly ""wired"" like I had drank 6 cups of coffee. I couldn't sleep at all.","Really bad. I didn't feel better at all just constantly ""wired"" like I had drank 6 cups of coffee. I couldn't sleep at all.",1.1707159389998196,1.0,"I didn't feel better at all just constantly ""wired"" like I had drank 6 cups of coffee.",0.7741579710000224,0.7083333333333334,"I was diagnosed with a rare form of cancer. I was told that I would have to undergo chemotherapy for the rest of my life. I had no idea what to expect. I felt like I was going to die. I went to the doctor and said, ""I don't know what to do. I",2.2196923259998584,2.25
2,Anxiety,10,"I have have drug related issues for ~15 years. Dope, Speed. My, ""Psychiatrist"" diagnosed me with the word ""schizophrenia"", Anti-Phychotics are, VERY DANGEROUS!, they increased my anxiety and stress, MANY MANY, times over. Finally, after 15 years, 3 months, no drugs, I have found Oxazepam. 5mg. I read, you can take up too 120mg!. atm, I think I need about 10mg a day. I am doubting, whether I have ""schizophrenia"", at all. I am down to 1/2 minimum dose, tablet of, DANGEROUS Latuda. So called ""treatment"", with Anti-Phychotics, is CRIMINAL.","After 15 years, 3 months, no drugs, I have found Oxazepam 5mg. I am down to 1/2 minimum dose, tablet of, DANGEROUS Latuda. So called ""treatment"", with Anti-Phychotics, is CRIMINAL.",1.3433079179999368,0.3333333333333333,"my ""Psychiatrist"" diagnosed me with the word ""schizophrenia"" anti-Phychotics are, VERY DANGEROUS!, they increased my anxiety and stress, times over. after 15 years, 3 months, no drugs, I have found Oxazep",3.5102686759996686,0.34444444444444444,"I was diagnosed with Schizophrenia at the age of 15. I was diagnosed as schizophrenic at the time of my diagnosis. I had been diagnosed with schizophrenia for over 15 years. I have never been diagnosed as a schizophrenic. I do not know if I am schizophrenic or not, but I am",3.8795607430001837,0.5777777777777777
3,Anxiety,10,"This medicine saved my life when I was 17 years old and so agoraphobic, with panic attacks multiple times a day. This was back in 1969, and within 6 weeks, I began to go out and go to college and do all the things a normal person does. I used it for many years, though with a lessened dosage. It seems especially good for anxiety attacks. While they did not entirely go away, seemed to lessen them to the extent that they were a minor occasional nuisance rather than something that prevented me from living a normal life and leaving the house. Yes, psychotherapy also helped, but before this medicine, I had been in therapy for three years and the anxiety/panic only got worse. Of course, this is just one person's experience.","This medicine saved my life when I was 17 years old and so agoraphobic, with panic attacks multiple times a day. Within 6 weeks, I began to go out and go to college and do all the things a normal person does. I used it for many years, though with a lessened",1.4011320510003316,0.3939393939393939,"this medicine saved my life when I was 17 years old and so agoraphobic, with panic attacks multiple times a day. within 6 weeks, I began to go out and go to college and do all the things a normal person does.",1.971601556999758,0.3181818181818182,"This is the most common adverse event that occurs when a person is diagnosed with an anxiety disorder. It is usually caused by an underlying medical condition, such as a heart attack, stroke, or cancer. It can also be caused by a medical condition such as diabetes, hypertension, diabetes mellitus, or any other",3.490852552999968,0.4015151515151515
4,Anxiety,10,"I am 47 with such an exhausting history of anxiety that had led me to self medicate with alcohol, until finally finding the correct medical doctor. Doctors in the past have been writing me scrips that have been making me crazier and crazier, just adding to my problem. Now I am alcohol free with no panic attacks, I have no problems being by myself and keeping occupied with work and fun things to do. I sleep like a baby all through the night. It's wonderful.","I am 47 with such an exhausting history of anxiety that had led me to self medicate with alcohol, until finally finding the correct medical doctor. Doctors in the past have been writing me scrips that have been making me crazier and crazier, just adding to my problem. Now I am alcohol",1.3504350050002358,0.611764705882353,47-year-old is alcohol free with no panic attacks. i sleep like a baby all through the night.,0.6288832199998069,0.2,"I was diagnosed with anxiety in the early 1990s. I had been diagnosed with depression in the mid-1990s, and had been on antidepressants for a long time. I was in the middle of a long-term relationship with a man who had been in a relationship with me for over a decade. I",2.895446254000035,0.611764705882353
5,Depression,9,"Since 2007, I've taken Lexapro in varying doses from 10 - 40 mg. Now 2017, I believe it no longer worked as it once did. My Psychiatrist had mentioned Celexa to me, explaining it's basically the same compound construction but ONE Molecule. I have marked Depression, but also suffer from Stress, Anxiety, Post-traumatic Stress, some OCD tendencies, ADHD & sleep issues. I have been on 20 mg of this, Celexa, now for over a week and immediately, within 2-3 days, felt the difference, in a great way! My body is extremely sensitive to certain types of Psych meds. My body also metabolizes medications differently from season to season. I believe at the right dose of this, Celexa, I will be able to come off of the 2mg of Clonazepam. Give it time!","Since 2007, I've taken Lexapro in varying doses from 10 - 40 mg. Now 2017, I believe it no longer worked as it once did. My Psychiatrist had mentioned Celexa to me, explaining it's basically the same compound construction but ONE Molecule. I have been on 20",1.3752487079996172,0.3560606060606061,"my body is extremely sensitive to certain types of Psych meds. I believe at the right dose, Celexa, I will be able to come off of the 2mg of Clonazepam.",1.1752530460003072,0.22727272727272727,"I have been taking this for over 2 weeks now. I feel like I'm on the verge of a relapse. I'm not sure if it's because I've been taking too much, or if I'm taking too little. I don't know if I've ever felt this way before, but I'm",2.2422838799998317,0.3712121212121212
6,Anxiety,1,I have used Xanax for the past 15 years for severe anxiety and panic attacks...recently my doctor wanted me to try Vistaril in stead..it does NOTHING for my symptoms...going to go back to what I know works!,I have used Xanax for the past 15 years for severe anxiety and panic attacks...recently my doctor wanted me to try Vistaril in stead..it does NOTHING for my symptoms...going to go back to what I know works!,0.7315841409999848,1.0,I have used Xanax for the past 15 years for severe anxiety and panic attacks...recently my doctor wanted me to try Vistaril in stead. it does NOTHING for my symptoms...going to go back to what I know works!,0.9065587250001954,1.027027027027027,"1. Xanax does not work for me.

2. It does not help me with my anxiety or panic attacks

3. It is not effective for me

4. I do not know what to do with it

5. I am not sure if it works for me or",1.1159855969999626,1.2702702702702702
7,Anxiety,10,"Xanax has been a life saver. I have always had problems feeling a little anxious. But once I was diagnosed as having a brain tumor at 26, it only made things worse. My doctor prescribed Lexapro, which worked okay, but I didn't like the way it made me feel, so I stopped taking them on my own. One particular night about 3 weeks ago, I got so upset that I thought I was having a heart attack. I was dizzy, chest hurting and pounding, weakness. Nobody could find anything medically wrong with me. I asked the doctor for something for anxiety to which he prescribed Xanax 0.25mg every 6 hours and within the 30 minutes of taking it, all my symptoms had diminished. Xanax really saved my life.","Xanax has been a life saver. I have always had problems feeling a little anxious. But once I was diagnosed as having a brain tumor at 26, it only made things worse. I asked the doctor for something for anxiety to which he prescribed Xanax 0.25mg every 6 hours.",0.951537941999959,0.3828125,"Xanax was diagnosed with a brain tumor at 26. he prescribed 0.25mg every 6 hours for anxiety. after taking it, all my symptoms had diminished.",0.603239592999671,0.1953125,I was diagnosed with a brain tumour at 26 years old. I had been taking Xanax for a year and a half and had never had an adverse event before. I felt like I was going to die. I went to the doctor and told him that I was not going to be able to take Xan,0.800677333999829,0.4453125
8,Anxiety,4,"Been on and off anti depressants for 10 years (still can't believe it). Tried Paxil and currently take 10 mg of Lexapro. Still do not feel well. I find running helps me more than anything but I fear the day the running is too much. I'm 40 and in otherwise good health, but I feel pretty lousy almost every single day. I am happy to read about people doing well on medication, but all I get from it is dizziness/lightheaded. Still optimistic about one day looking back at this nightmare in disbelief. Until then.",Been on and off anti depressants for 10 years (still can't believe it). Tried Paxil and currently take 10 mg of Lexapro. Still do not feel well.,0.8545860899998843,0.2872340425531915,"running helps me more than anything but I fear the day the running is too much. I'm 40 and in otherwise good health, but I feel pretty lousy every single day.",0.5860690339995926,0.32978723404255317,"I've been taking Paxil for about a year now. I've been using it for a year and a half now, and I've never felt better. I feel like I'm getting better and better every day, but it's been a long time since I've used it. I don't know if",0.7889912810001078,0.5212765957446809
9,Anxiety,1,I tried it for anxiety and aggresive behavior. With in a few minutes of taking the first dosage I became catonic. Tried again two more times and each time the same thing; Dr. changed my medication after that and said that happens in a very few patients on Buspar.,I tried it for anxiety and aggresive behavior. With in a few minutes of taking the first dosage I became catonic. Dr. changed my medication after that and said that happens in a very few patients on Buspar.,0.8903767570000127,0.7755102040816326,in a few minutes of taking the first dose I became catonic. tried it for anxiety and aggresive behavior.,0.41849798600014765,0.3877551020408163,"I have been using Buspar for over a year now. I have had no adverse events. I am very happy with the results. I would recommend Buspar to anyone who is looking for a safe, effective, and effective treatment for anxiety, anxiety-related disorders, or any other type of anxiety disorder.",0.783016886999576,1.0204081632653061
10,Depression,4,"I have been on Cymbalta for depression for 3 weeks now. I have had a wide range of side effects sleeplessness, stomach cramps, loss of appetite, sweating, nausea, a constant bad taste in my mouth and a total loss of libido. I spoke to my doctor about this and he said it may take a few weeks to really kick in. I hope it hurries up. I had been on other antidepressants a few years ago with no side effects. After 2 days I feel the medicine has lifted me slightly but not as much as I would have hoped.","I have been on Cymbalta for depression for 3 weeks now. I have had a wide range of side effects sleeplessness, stomach cramps, loss of appetite, sweating, nausea, a constant bad taste in my mouth and a total loss of libido. I had been on other antidepressants",1.283392946999811,0.47,"I have had a wide range of side effects sleeplessness, stomach cramps, loss of appetite, sweating, nausea, a constant bad taste in my mouth and a total loss of libido. after 2 days the medicine has lifted me slightly but not as much as I would",0.8777781500002675,0.46,This is a very serious adverse event. I am not sure how long it will take for me to recover from this. I would like to know how long I will have to wait to see a doctor. I do not know if I will be able to go back to my normal life. I feel like I,0.7812874169999304,0.58
11,Depression,5,I've been taking Pristiq for 3 months. It was working fine. I had to go to 100mg but now it's getting worse.,I've been taking Pristiq for 3 months. It was working fine. I had to go to 100mg but now it's getting worse.,0.6148104630001399,1.0,i've been taking Pristiq for 3 months. it was working fine.,0.34448405499961154,0.5,"Pristiq is a painkiller that can be used to treat pain. It has been shown to be effective in relieving pain in patients with chronic pain. However, it is not as effective as other pain relievers, such as ibuprofen or ibramadol, and is not recommended for",0.7649230620004346,2.090909090909091
12,Depression,3,I've been on Lexapro for about a month and a half now (10/mg). I have not had any differences with my depression or anxiety. In fact my anxiety is still bad. It also makes me crave food that I'm not a huge fan of. Very confusing.,I've been on Lexapro for about a month and a half now (10/mg) I have not had any differences with my depression or anxiety. In fact my anxiety is still bad. It also makes me crave food that I'm not a huge fan of.,0.8894900230002349,0.9565217391304348,I've been on Lexapro for about a month and a half. my anxiety is still bad.,0.48195074100021884,0.34782608695652173,"I was diagnosed with bipolar disorder in the early 1990s. I had been diagnosed with depression in the late 1990s, but I had never had a manic episode before. I was diagnosed as having bipolar disorder at the time of my diagnosis, and I had not been diagnosed as bipolar at any point in my life",0.7677329319999444,1.2173913043478262
13,Anxiety,1,"Worst med I ever put in my body. Used to take Paxil 20mg on and off for 9 years and dumbly thought I could try another pill only in case I tried to have kids. And wow worse side effects, insomnia, migraines. I was a hypocondriac and this med caused me to have depression and suicidal thoughts! Did NOT suite me at all. But everyone is different.",Worst med I ever put in my body. Used to take Paxil 20mg on and off for 9 years. I was a hypocondriac and this med caused me to have depression and suicidal thoughts! Did NOT suite me at all.,0.805418895999992,0.5970149253731343,med caused me to have depression and suicidal thoughts.,0.3825517759996728,0.13432835820895522,"I was diagnosed with bipolar disorder in the early 1990s. I had been taking Paxil for over a decade and had never been diagnosed with any type of mental illness. I did not have a history of bipolar disorder, and I had never had a psychotic episode. I also had no history of substance abuse.",0.7825428640003338,0.8208955223880597
14,Depression,1,"I was prescribed this drug for some stress and anxiety experienced due to some work life balance issues. I took it for 5 days only. By day 3 i could not stay awake or focus and let alone feel OK to drive. I felt sick and had excessive sweats. Constipated and headaches, i stopped on day 5. Day 6 and 7 symptoms continued with lots of nightmare and night sweats and shakes. never again.","By day 3 i could not stay awake or focus and let alone feel OK to drive. Constipated and headaches, i stopped on day 5. Day 6 and 7 symptoms continued with lots of nightmare and night sweats and shakes. never again.",0.7309930999999779,0.5675675675675675,i was prescribed this drug for some stress and anxiety experienced due to some work life balance issues. by day 3 i could not stay awake or focus and let alone feel OK to drive.,0.5747957660000793,0.47297297297297297,I took this medication for some anxiety and anxiety related stress. I stopped taking it on day 3. I was able to stay awake and focus. I could not get out of bed and felt fine. I went back to work on day 7. I did not feel well and felt like I was going to die,1.0459428650001428,0.7702702702702703
15,Depression,8,"I have been taking Wellbutrin SR 150mg for five years. Have been doing really well, but here lately I have been really tired, low sex drive, wanting to eat when I am not hungry. Maybe I need an increase.","I have been taking Wellbutrin SR 150mg for five years. Have been doing really well, but here lately I have been really tired, low sex drive, wanting to eat when I am not hungry. Maybe I need an increase.",0.7394808720000583,1.0,I have been taking Wellbutrin SR 150mg for five years.,0.5267163549997349,0.2564102564102564,"Wellbutrin is an anti-inflammatory drug. It has been shown to be effective in reducing the risk of cardiovascular disease. It does not cause any side effects. However, it has been found to have side effects in some patients. It is not known if it is safe to use in this way.",1.066558212000018,1.3076923076923077
16,Depression,10,"After being diagnosed with severe, chronic and acute depression, anxiety and seasonal affective disorder in February 2001, my therapist referred me to a psychiatrist for medicine management. Was given starter pack September 2011. I've been on 40mg for 1 and 1/2 years, during my weekly therapy sessions, my therapist says I give 90% eye contact, whereas with previous medicines I gave eye contact infrequently. I also take Effexor 225mg, Zoloft 200mg and 9mg Ativan [2mg A.M.; 4mg 12:00pm; 3mg evenings], Ambien 10mg.","After being diagnosed with severe, chronic and acute depression, anxiety and seasonal affective disorder in February 2001, my therapist referred me to a psychiatrist for medicine management. Was given starter pack September 2011. I've been on 40mg for 1 and 1/2 years. I also take Effexor 225mg",0.9497922130003644,0.573170731707317,"my therapist referred me to a psychiatrist for medicine management. was diagnosed with severe, chronic and acute depression, anxiety and seasonal affective disorder in February 2001.",0.5203187919996708,0.3170731707317073,"I was diagnosed with a severe, acute, and chronic depressive disorder. I have been on a daily, weekly, and monthly basis for over 2 years. I am currently on a medication that has been approved by the US Food and Drug Administration (FDA) for use in the treatment of depression and anxiety.",0.9832506150000881,0.6341463414634146
17,Anxiety,10,"Klonopin is a wonderful drug for anxiety and panic attacks. However, once you start it is very hard to come off of. I stopped for 2 yrs and it took me 8 months to feel normal again. But if you really need it, this in my opinion works wonderful for anxiety and panic attacks.",Klonopin is a wonderful drug for anxiety and panic attacks. Once you start it is very hard to come off of. I stopped for 2 yrs and it took me 8 months to feel normal again.,0.6616746419999799,0.6666666666666666,Klonopin is a great drug for anxiety and panic attacks. it took me 8 months to feel normal again.,0.41956000499976653,0.35185185185185186,"This is a very good drug for treating anxiety. It is very effective in treating panic attacks, but it is not as effective as other drugs. It does not cause any side effects. It can be used in combination with other drugs to treat panic attacks or to treat anxiety disorders. The side effects of this drug",0.8638413030002994,1.0555555555555556
18,Anxiety,9,Before starting buspirone I read some awful reviews on it which made me not want to take it. I am now glad that I did start taking it as I've had zero side effects and it is slowly making me feel a little more human.,Before starting buspirone I read some awful reviews on it which made me not want to take it. I am now glad that I did start taking it as I've had zero side effects and it is slowly making me feel a little more human.,0.7529751209999631,1.0,buspirone has zero side effects and makes me feel a little more human.,0.2838069290000931,0.28888888888888886,"I have been taking buprenorphine for about a year now. I have had no side effects at all. I feel like I am a normal person. I don't have any side effects from it, but I do have some side effects when I take it, such as nausea, dizziness,",0.8222539999997025,1.0888888888888888
19,Anxiety,10,"Xanax (Alprazolam) has been a miracle for me. I suffer from depression, severe anxiety from GAD, Panic Disorder, OCD, and PTSD. Xanax helps prevent panic attacks and stop them once they start. Be careful about taking it everyday due to tolerance being built up to the medicine (needing more and more to get the same effect) and because of addiction issues. I don't take regular Xanax everyday. I try to stick with the extended-release version, if possible, to avoid addiction to regular Xanax. Regular Xanax, however, works hard and fast and is great for those who really need it. I give it a 10/10!",Xanax (Alprazolam) has been a miracle for me. Xanax helps prevent panic attacks and stop them once they start. I give it a 10/10!,0.6279551279999396,0.23076923076923078,Xanax helps prevent panic attacks and stop them once they start. be careful about taking it everyday due to tolerance being built up to the medicine.,0.6215697190000355,0.25,"I have been taking Xanax for over a year now. I have been using it for a year and a half now, and I have never had any side effects. I am very happy with the quality of the Xanax I have received. I would recommend it to anyone who is suffering from anxiety, depression",0.8421394819997658,0.5288461538461539
20,Depression,6,"I've been taking Setraline for about two weeks for Social anxiety and depression. . I used to take Paroxetine for 3 years and had to switch to Sertraline. Since I'm taking Sertraline I've noticed that I am grumpy and have a very short temper. Any little thing can blow my lid and I honestly hate myself at the moment. I'm so easily irritated that it really annoys me. Yes, I'm getting mad at myself for getting mad at anything. I experience no sexual side effects which is good because Paroxetine kind of muted me down there. It doesn't help much with my depression or social anxiety at the moment. I'll give it a month and maybe increase the dosage.",I've been taking Setraline for about two weeks for Social anxiety and depression. I experience no sexual side effects which is good because Paroxetine kind of muted me down there. I'll give it a month and maybe increase the dosage.,0.8039185790003103,0.33613445378151263,I used to take Paroxetine for 3 years and had to switch to Sertraline. since I'm taking Setraline I've noticed that I am grumpy and have a very short temper.,4.0440121360002195,0.25210084033613445,"I have been taking this medication for about 2 weeks now. I've been using it for about a month now and I've had no negative side effects. I feel like I'm on the right track. I don't know if I'll be able to get back on the medication any time soon, but I",0.8016036419999182,0.44537815126050423
21,Depression,3,The doctor tried this to help with depression and bipolar disorder. It caused more anxiety and didn't work well at all. Only stayed on it 2 weeks and couldn't take it anymore.,The doctor tried this to help with depression and bipolar disorder. It caused more anxiety and didn't work well at all. Only stayed on it 2 weeks and couldn't take it anymore.,0.562677979,1.0,the doctor tried this to help with depression and bipolar disorder. it caused more anxiety and didn't work well at all.,0.3979360620000989,0.65625,"The patient was diagnosed with bipolar disorder and was treated with antipsychotic medication. The antipsychotics were not effective in the treatment of this patient. The patient was treated for a few weeks and was able to take the medication. However, the medication was not effective for the patient and he was not able to",0.7728810230000818,1.6875
22,Depression,1,"I was on Prozac for somewhere around a year, and my dr prescribed me bupropion to go along with the Prozac. This absolutely ruined my life. I was doing good before it. Not perfect but satisfactory. When I started taking bupropion it gave me adrenaline rushes which led to panic attacks. Even after being off of the medicine around a year I still have panic attacks and have gone through so many Medicines trying to fix the problem. And I've been reading the experiences of others and unfortunately some people never get over the effects. Please don't take this medicine. It's not worth it. Maybe it helps people. But for others like me, it is prescribed flippantly and has awful effects.","I was on Prozac for somewhere around a year, and my dr prescribed me bupropion to go along with the Prozac. This absolutely ruined my life. I was doing good before it. Maybe it helps people. But for others like me, it is prescribed flippantly and has awful effects",0.9122374410003431,0.4049586776859504,"my dr prescribed me bupropion to go along with the Prozac. it gave me adrenaline rushes which led to panic attacks. but for others, it is prescribed flippantly and has awful effects.",0.7191559930001858,0.2644628099173554,"Prozac is a powerful anti-depressant. It has been shown to be effective in reducing anxiety, depression, and anxiety-related symptoms. However, it has been found to have side-effects that are not well understood. The main side effects of Prozac are anxiety, panic attacks, insomnia,",0.8611463199999889,0.35537190082644626
23,Depression,1,"This medicine has done nothing for my anxiety and depression, but it has made me impotent, fat, lethargic, and I am suffering from angioedema regularly. (Look that one up, and enjoy)","This medicine has done nothing for my anxiety and depression, but it has made me impotent, fat, lethargic, and I am suffering from angioedema regularly.",0.6844108559998858,0.8064516129032258,"this medicine has made me impotent, fat, lethargic, and I am suffering from angioedema.",0.577403723000316,0.45161290322580644,"This is a very good medicine, but I am not sure if it will work for me or not.

I have been using this medicine for over a year now, and it has been very effective. I am very happy with the results. I would recommend this medicine to anyone who is suffering from anxiety",0.7779391770000075,1.7741935483870968
24,Anxiety,10,"I have been on Clonezepam for 2 different reasons. 1 for Anxiety 1mg pill 3xs a day, and then 1mg at bedtime to help Insomnia. It REALLY helps with the anxiety part with me losing both parents & dealing with my own rheumatoid arthritis at age 26. To those worried about becoming addicted or physically dependent on this medicine, I wouldn't worry about it too much as I been on it for 3 yrs now and I haven't had to had to up my dose at all and have been on steady 4mg daily. There were a few times where my doctor went on vacation & it was my fault for not getting my script early. My Anxiety was bad for 3-4 days BUT I felt NO WITHDRAWALS or SICKNESS at all from lack of the clonazepam.","I have been on Clonezepam for 2 different reasons. 1 for Anxiety 1mg pill 3xs a day, and then 1mg at bedtime to help Insomnia. It REALLY helps with the anxiety part with me losing both parents & dealing with my own rheumatoid arthritis at age 26",1.195514541999728,0.34306569343065696,"I have been on Clonezepam for 2 different reasons. 1 for Anxiety 1mg pill 3xs a day, and then 1 mg at bedtime to help Insomnia.",0.6338235929997609,0.1897810218978102,I was on a 2-week trial of Clonezapam for the first time in my life. I had been taking it for about 2 weeks and I had no symptoms at all. I went to the doctor and told him that I was going to take it for 2 weeks. He told me that I,0.8023359950002487,0.39416058394160586
25,Anxiety,8,"I got put on Buspirone to treat my Social Anxiety Disorder which included several panic attacks in embarrassing social situations and must say that it has generally helped out with my problem. I am on 10mgs three times a day, and despite the side effects which include dizziness and intense light-hededness, I must say the only problem I have with this medicine is the potential to over use it. I find myself needing to take more than I'm supposed to daily, perhaps need to talk to my doctor about a dosage increase. Overall though very helpful.","I am on 10mgs three times a day, and despite the side effects which include dizziness and intense light-hededness, I must say the only problem I have with this medicine is the potential to over use it. I find myself needing to take more than I'm supposed to daily,",1.2478244220001216,0.5104166666666666,the only problem I have with this medicine is the potential to over use it. I am on 10mgs three times a day and need to take more than I'm supposed to daily.,0.6786158519998935,0.34375,"This is a very good medicine. I have been taking it for about a year now and I am very happy with the results. The side effects are very mild, but the side-effects are very serious. I would recommend this medicine to anyone who is concerned about their health.",0.7992534810000507,0.5104166666666666
26,Depression,10,"I take 10 mg/day. Before I started taking this I felt as though I had severe PMS everyday. I suffer from moderate to severe depression, anxiety, mood swings, anger problems, and OCD. My therapist has diagnosed me with PTSD. Anyway, the first week of taking this I had a lot of side-effects. I took it in the evening, and had insomnia. Waking up a lot at night. Initially, the first week, I also had decreased appetite and chest pain that would come and go. After the first week I began taking it in the morning. The insomnia and all other symptoms subsided, but then I became extremely tired during the day. I'm now taking it in the evening again. Helps A LOT. No more depression or irritability. Only problem now is increased appetite.",I take 10 mg/day. Helps A LOT. No more depression or irritability. Only problem now is increased appetite.,0.5500221339998461,0.13533834586466165,my therapist has diagnosed me with PTSD. the first week of taking this I had a lot of side-effects.,0.4274400110002716,0.14285714285714285,I was diagnosed with PMS at the beginning of the year. I had been taking this for a year and a half. I felt like I was having a bad day. The first thing I noticed was that I was getting more and more tired. The second thing was that my stomach felt like it was getting,0.785979641999802,0.42857142857142855
27,Anxiety,1,I was given 5 mg to take the night before a dental visit as I have severe anxiety and 5 mg to take an hour before the appt. I took the 5 mg of Valium in place of my Xanax and within 4 hours was throwing up and having the worst panic attacks. Had to call my doctor for Phenergan to stop the vomiting.,I took the 5 mg of Valium in place of my Xanax and within 4 hours was throwing up and having the worst panic attacks. Had to call my doctor for Phenergan to stop the vomiting.,0.7191930070002854,0.5625,5 mg to take the night before a dental visit as I have severe anxiety. had to call my doctor for Phenergan to stop the vomiting.,0.5791385640000044,0.40625,I have been taking Xanax for over a year now and I have never had any adverse events. I have been using it for over 2 years now and have never experienced any side effects. I am very happy with the quality of the Xanax I have received. I would recommend it to anyone looking for a,0.7900409459998627,0.890625
28,Anxiety,8,"All my life I've suffered from depression. Within the last year, severe anxiety came out of nowhere and I'd have about 2 or three bad attacks per month, on top of the multiple small attacks I'd get daily. ESPECIALLY in social settings. But even alone. I completely withdrew myself from my classes and my social life because of this. I started going to church. Meditating, running, praying, dieting, yoga, and trying to practice mindfulness.The failed attempts worsened my depression. I wanted the anxiety to stop so bad that I frequently considered suicide. Its been less than a day taking Lexapro but I'm so hopeful. Everything that felt like such a huge deal just hours ago are so minimal now.","All my life I've suffered from depression. Within the last year, severe anxiety came out of nowhere. I wanted the anxiety to stop so bad that I frequently considered suicide. Its been less than a day taking Lexapro but I'm so hopeful.",0.8087968320000982,0.35294117647058826,"all my life I've suffered from depression. within the last year, severe anxiety came out of nowhere. I had about 2 or three bad attacks per month.",0.5220053329999246,0.226890756302521,"I've been diagnosed with depression for over a year now. I've been in therapy for about a year and a half now, and I've had a lot of positive experiences. I'm not sure if I'll ever be able to go back to my normal life again, but I feel like I've finally",0.9470838399997774,0.4369747899159664
29,Anxiety,3,I've been taking Vistaril 25 mg for 3 weeks and it has not helped me what so ever. At first I felt a little less nervous but when I had to go to an assembly it kicked right back up! Now I'm getting ready to get on Lexapro. Hopefully this drug works for me.,I've been taking Vistaril 25 mg for 3 weeks and it has not helped me what so ever. Now I'm getting ready to get on Lexapro. Hopefully this drug works for me.,0.6557310260000122,0.5925925925925926,I've been taking Vistaril 25 mg for 3 weeks. it has not helped me what so ever.,0.4260252849999233,0.3148148148148148,Vistaril is an anti-inflammatory drug. It has been shown to be effective in treating a wide range of adverse events. It is also known to reduce the risk of heart attack and stroke. It does not cause any side effects and is safe for use in people with a history of heart disease.,1.0243429980000656,0.9814814814814815
30,Depression,9,Since I lost my father in 2001 I have felt so depressed and had no will to live and my mother did not believe in medication so I went through my life in the fog of depression and anxiety. I was not able to focus so I barely got by with my grades in school. I was starting to fail out and everything got to be too much so I went to counseling and they suggested that I see a psychiatrist and I did and it was the best decision of my life. I got prescribed Bupropion SR and Gabapentin. Bupropion helped me tremendously. I was energetic and motivated and I took Gabapentin at night to sleep. Everyone that told me that antidepressants just mask your depression are full of crap!,Since I lost my father in 2001 I have felt so depressed and had no will to live. My mother did not believe in medication so I went through my life in the fog of depression and anxiety. Bupropion helped me tremendously. I was energetic and motivated and I took Gabapentin at night,0.9146782490001897,0.40458015267175573,since losing my father in 2001 I have felt so depressed and had no will to live. my mother did not believe in medication so I went through my life in the fog of depression and anxiety.,0.8040569479999249,0.2824427480916031,I was diagnosed with bipolar disorder in 2001. I had been diagnosed with depression for a long time and I had never experienced any of the symptoms of bipolar disorder. I felt like I was in the middle of something and I didn't know what to do with myself. I started to feel like I had a problem,1.1100725230003263,0.44274809160305345
31,Anxiety,1,BEWARE!! Some people have no problem with this benzodiazepine yet there are many who do such as myself. I took it for hyper thyroid. It has ruined the last 14 months of my life!!! Words cannot express the mental and physical torture I experience daily. PLEASE Google Professor Ashton to read the side effects. Visit Benzo Buddies. You will learn about the horrors these meds cause as well as success stories of those who survived this! There has been a bill introduced in Massachusetts to get doctors to warn their patients!! Warn everyone you know! Don't be fooled! My world has been turned upside down and I don't want it to happen to you!!,BEWARE!! Some people have no problem with this benzodiazepine yet there are many who do such as myself. It has ruined the last 14 months of my life!!! Words cannot express the mental and physical torture I experience daily. Please Google Professor Ashton to read the side effects. Visit Benzo,0.9349279640000532,0.43859649122807015,benzodiazepine has ruined the last 14 months of my life. there has been a bill introduced in Massachusetts to get doctors to warn their patients.,0.5750235609998526,0.21929824561403508,"I have been taking this medication for over a year now. I have never experienced anything like this before. I am very happy with the results. I will continue to take this medication as long as I can. I do not know how long it will last, but I am sure it will be worth it.",0.8537948889998006,0.49122807017543857
32,Depression,10,"I was put on Lexapro for depression. I also had a bad case of obsessive compulsive disorder and a little anxiety. Lexapro did wonders for me. I am rarely sad anymore. My OCD is almost gone. I feel a lot better about myself. I used to be very shy and insecure because of my anxiety. But now, I'm more confident and able to talk to people without feeling so anxious and scared.",I was put on Lexapro for depression. I also had a bad case of obsessive compulsive disorder. I am rarely sad anymore. My OCD is almost gone. I feel a lot better about myself.,0.615339904999928,0.4722222222222222,i was put on Lexapro for depression. i had a bad case of obsessive compulsive disorder and a little anxiety.,0.5562564080000811,0.2777777777777778,"I have been diagnosed with a rare form of obsessive-compulsive disorder (OCD). This is a condition that is characterized by a lack of self-control, impulsivity, and an inability to think clearly. It is a disorder that can lead to depression, anxiety, and other mental health problems.",0.8177257010001995,0.6388888888888888
33,Anxiety,10,"I started off 0.5 mg 2x per day. I now take 1mg of Klonopin 3x per day. I no longer have the unsteadiness on my feet and my anxiety has decreased even more (this despite being unemployed, as well as being a burn patient with severe nerve pain). Only caveat is to take EXACTLY as prescribed, otherwise will become dependent or have severe withdrawal if taken more than supposed to.",I now take 1mg of Klonopin 3x per day. I no longer have the unsteadiness on my feet and my anxiety has decreased even more. Only caveat is to take EXACTLY as prescribed.,0.7330597330001183,0.4714285714285714,"I started off off 0.5 mg 2x per day and now take 1mg of Klonopin 3x a day. only caveat is to take EXACTLY as prescribed, otherwise will become dependent.",0.6861309019996042,0.42857142857142855,I have been diagnosed with a serious adverse event. I have been taking Klonoplatin 3x a day for the past 3 months. I am now taking 2x daily. I do not have any side effects. I will continue to take this medication for the rest of my life. I would like to,0.7876982719999432,0.7428571428571429
34,Depression,3,i have tried almost all SSRI that are commonly used and celexa works just like all the rest of them. It makes me feel out of it like I'm not really here and makes me extremely tired I sleep about 4 hours a day. It does help with some of my anxiety not all of it and it does help with anger,i have tried almost all SSRI that are commonly used and celexa works just like all the rest of them. It makes me feel out of it like I'm not really here and makes me extremely tired I sleep about 4 hours a day. It does help with some of my anxiety not all of,0.9253603719998864,0.8870967741935484,i have tried almost all SSRI that are commonly used. celexa works just like all the rest of them. it makes me feel out of it like I'm not really here.,0.6717940779999481,0.5,"1. SSRI is not as effective as other antidepressants.

2. SSRIs do not work as well as other SSRI's because they do not have the same side effects as other drugs

3. The SSRI does not have any side effects

4. There are no side",0.800740266000048,0.7258064516129032
35,Depression,8,"I had no problem with Nortriptyline. I had to take it in conjunction with Lithium for depression. My problem was when I QUIT taking it. I'm dizzy, sick to my stomach, I have ringing in my ears, I'm irritated all the time and I can't sleep. Just be prepared in case you stop taking it too.","I had no problem with Nortriptyline. My problem was when I QUIT taking it. I'm dizzy, sick to my stomach, I have ringing in my ears, I'm irritated all the time and I can't sleep. Just be prepared in case you stop taking it too.",0.8882229390001157,0.8035714285714286,"nortriptyline took it in conjunction with Lithium for depression. I'm dizzy, sick to my stomach, I have ringing in my ears.",0.643101736999597,0.375,I was diagnosed with bipolar disorder in the early 1990s. I was diagnosed as having bipolar disorder at the time of my diagnosis. I have been diagnosed with depression since I was 12 years old. I am currently on a medication to treat my bipolar disorder. I do not know if I will ever be able to,0.7878980919999776,1.0178571428571428
36,Depression,10,"I started taking Celexa about five months ago and let me tell you, my life is finally normal. I had been suffering from depression and anxiety since I was 13 and it got significantly worse over the course of five years until I was crying and enraged over anything and everything. I could not think straight. Even when I knew I was getting mad over something small, I could not control my anger. I am currently taking 20 mg of Celexa and experiencing no side effects. I am completely back to normal on this medicine. I can think straight and I am happy!","I started taking Celexa about five months ago and let me tell you, my life is finally normal. I am completely back to normal on this medicine. I can think straight and I am happy!",0.9168789550003567,0.33980582524271846,I started taking Celexa about five months ago. my life is finally normal.,0.35317498099993827,0.1262135922330097,"Celexa is an anti-depressant, anti-inflammatory, and anti-oxidant. It has been shown to be safe and effective in treating depression, anxiety, and anxiety-related disorders.

It has been found to be effective in reducing the risk of stroke, heart attack",0.8146632440002577,0.36893203883495146
37,Anxiety,9,"I noticed pretty good results within two weeks- my general anxiety lowered significantly, but I still get frequent panic attacks.","I noticed pretty good results within two weeks- my general anxiety lowered significantly, but I still get frequent panic attacks.",0.37267177100011395,1.0,"I noticed pretty good results within two weeks- my general anxiety lowered significantly, but I still get frequent panic attacks.",0.4892379489997438,1.0,"I've had a lot of anxiety and panic attacks over the past few years. I've had some of the worst panic attacks I've ever had, and I've also had some very bad ones. I'm not sure if it's because I've been in a panic attack for a long time, or if",0.8151714579998952,2.55
38,Anxiety,2,"It is horrible. I am cutting down according to doctors recomendations! I now take just .5 mg at bed time around 8 pm. I get hit with drowsiness mid day, even though I haven,t taken any medications or supplements! This horrible medication doesn,t even help my anxiety! Xanax is the worst benzodiazepine! It caused terrible rebound anxiety! And if you have depression, or know anyone with this problem, NEVER HAVE MORE THAN 3 YEARS OF ELECTRO CONVULSIVE TREATMENT! I HAVE MANY PROBLEMS DUE TO A FALL, AND HITTING MY HEAD! MY LIFE HAS BEEN HE'LL SINCE THEN! TAKE EXTREME CAUTION! CHECK OUT YOUR DOCTOR VERY CAREFULLY! MINE WAS A QUACK!","It is horrible. I am cutting down according to doctors recomendations! I now take just .5 mg at bed time around 8 pm. I get hit with drowsiness mid day, even though I haven,t taken any medications or supplements! This horrible medication doesn,t even help my",0.8806026400002338,0.41818181818181815,"Xanax is the worst benzodiazepine! it caused terrible rebound anxiety. if you have depression, NEVER HAVE MORE THAN 3 YEARS OF CONVULSIVE TREATMENT!",0.8704745420000108,0.20909090909090908,"I have been taking Xanax for over a year now. I have never had any side effects, and I have not had any serious side effects. I do not know if it is a side effect or not, but I do know that it is very bad for my health. I feel like I am going",0.7964473150000231,0.509090909090909
39,Depression,10,Pristiq is the only anti depressant I've ever tried. 26. Recovering bulimic. Anxiety/depression. I put off taking AD's for years and tried everything but...but couldn't stop throwing up my food due to bouts of anxiety and sadness. Pristiq is working for me and I now have my life back. I am so happy now. Normal weight and attitude towards myself and food. This saved me. Miss a tablet and it causes dizzyness and nausea. Also hot and cold flushes if you go nearly 48hrs without it. Super lightweight on alchohol and makes hangovers worse. But I didn't expect this drug to work for me at all. I thought I would live with an ED for the rest of my life and that it would be a struggle. Not anymore. But,Pristiq is the only anti depressant I've ever tried. Miss a tablet and it causes dizzyness and nausea. Also hot and cold flushes if you go nearly 48hrs without it. Super lightweight on alchohol and makes hangovers worse.,1.0928115850001632,0.2923076923076923,Pristiq is the only anti-depressant I've ever tried. I put off taking AD's for years and tried everything but...but couldn't stop throwing up my food.,0.8290703319999011,0.19230769230769232,"This is a drug that has been approved by the Food and Drug Administration (FDA) for use in the treatment of depression and anxiety. It has been shown to be safe and effective in treating a wide range of conditions, including anxiety, depression, and anxiety-related disorders.

It has been used",0.7882101609998244,0.38461538461538464
40,Anxiety,7,"I am an alcoholic with severe anxiety and depression. I am prescribed the max dose (1,200 mgs) 3x a day. I find some relief, but not the same relief I am looking for when I take benzos like Klonopin. I really only notice the effects of Gabapentin when I am not taking it, because I am a nervous wreck. During the ""experience"" I might just be numbed to knowing how I feel, and I think this is the point of the medication.","I am an alcoholic with severe anxiety and depression. I am prescribed the max dose (1,200 mgs) 3x a day. I find some relief, but not the same relief I am looking for when I take benzos like Klonopin.",1.2173540659996434,0.47560975609756095,"I am an alcoholic with severe anxiety and depression. I am prescribed the max dose (1,200 mgs) 3x a day.",0.539556532000006,0.24390243902439024,"I have been taking benzos for over a year now. I have never had any side effects. I feel like I am getting better and better. I don't know what to do with myself, but I am starting to feel better and I am going to start taking more and more of the benzos.",0.7981770579999647,0.6585365853658537
41,Depression,9,"I am a 20 year old female who has suffered from depression for 5 years. I have tried many different medications and have had little to no luck with anything, until my doctor prescribed me Citalopram. I feel great. I feel tired alot more often, but that's the only side effect I have noticed. I'd recommend this medication to anyone who feels their current depression medication isn't working. Hope I've helped.","I am a 20 year old female who has suffered from depression for 5 years. I have tried many different medications and have had little to no luck with anything, until my doctor prescribed me Citalopram. I feel great. I'd recommend this medication to anyone who feels their current depression medication isn't",0.9436741639997308,0.7323943661971831,20-year-old female has suffered from depression for 5 years. I have tried many different medications and have had little to no luck with anything.,0.46545252199985043,0.3380281690140845,"I was diagnosed with bipolar disorder in the early 1990s. I had been diagnosed with depression in the late 1990s, but I had never had a manic episode before. I was diagnosed as having bipolar disorder at the time of my diagnosis, and I had not had any manic episodes in the past year. I",0.8236030559996834,0.7746478873239436
42,Depression,1,"I paid $250 for the brand name after having tried the generic 3 months ago with horrible results. Started at 5 mg; immediate increase in anxiety. Bad dreams, insomnia, diarrhea. Doctor said to go up to 10 mg after one week; could not focus, could not eat, intense agitation, uncontrollable crying, crazy thoughts. Anxiety hit the roof- couldn't leave then house. Saw a pychologist/ next a psychiatrist- immediately stopped the lexapro and within 24 hours felt 90% better. This drug is not for all. Sexual side effects and weight gain are high for most. Do your homework.",I paid $250 for the brand name after having tried the generic 3 months ago with horrible results. Started at 5 mg; immediate increase in anxiety. Sexual side effects and weight gain are high for most. Do your homework.,0.7629427420001775,0.4020618556701031,anxiety hit the roof- couldn't leave then house. saw a pychologist- immediately stopped the lexapro and within 24 hours felt 90% better.,0.5659838579999814,0.2268041237113402,"I have been using this drug for over a year now. I have never had any side effects. I am very happy with the results. I would recommend this drug to anyone who is looking for a drug that is safe, effective, and safe for their body. I will continue to use this drug.",0.7665411269999822,0.5567010309278351
43,Depression,8,"I've been taking this medication for 10 months. It has really saved my relationship. I was always moody, crabby & wanted to be alone! I also have PMDD and it has helped with that too. The only down side is my decrease in sexual drive. It is now hurting my relationship.","I've been taking this medication for 10 months. It has really saved my relationship. I was always moody, crabby & wanted to be alone. The only down side is my decrease in sexual drive.",0.6560992940003416,0.6666666666666666,I've been taking this medication for 10 months. it has saved my relationship.,0.31534289100000024,0.2549019607843137,I have been taking the medication for over a year now. I feel like I am in the middle of a divorce. I have been in a relationship for over 2 years now and I have never felt like I was in love with anyone. I am not sure if it is because of the medication or if I,1.0505749300000389,1.1568627450980393
44,Anxiety,1,"Started taking the lowest dose, when that seemed ineffective the doctor upped the dosage, a few times. The entire time I was on the medication I had horrible dizzy spells. I had to time my taking it just right so I would be able to drive to work safely. At first I felt better. I was hoping this was the medicine that would help me with my anxiety. I had hope my body would ""get used to it"" and the dizziness would eventually end. That never happened. I gave it a full year (I know now how ridiculous that was). During this time period I also had really negative thoughts that I absolutely believe were linked to the medication. I have been off of it and on a different medication for almost a year now and can finally see what it was doing to me.","Started taking the lowest dose, when that seemed ineffective the doctor upped the dosage, a few times. The entire time I was on the medication I had horrible dizzy spells. I have been off of it and on a different medication for almost a year now.",0.8476314970002932,0.31724137931034485,"the doctor upped the dosage, when that seemed ineffective. the entire time I was on the medication I had horrible dizzy spells. I had to time my taking it just right so I could drive to work safely.",0.7186908199996651,0.2620689655172414,"I have been taking this medication for over 2 years now and I have never had any adverse events. I am very happy with the results. I will continue to take this medication as long as I can and I will not stop taking it. I do not know if I will ever stop taking the medication, but",1.0796845439999743,0.4
45,Depression,8,"Started at 10mg for 2 weeks and took 20 for 4 weeks. Some nausea and itchy skin first 2 weeks then no noticeable side effects. However, I did experience elevated blood pressure and severe ringing in both ears but was also taking large dose of prednisone at that time for cluster headaches. Stopped taking everything and BP returned to normal. Before the BP spike, this stuff was working exactly as stated. Have tried to restart but vomit every time.","Started at 10mg for 2 weeks and took 20 for 4 weeks. Some nausea and itchy skin first 2 weeks then no noticeable side effects. However, I did experience elevated blood pressure and severe ringing in both ears. Stopped taking everything and BP returned to normal.",0.7763403489998382,0.5822784810126582,started at 10mg for 2 weeks and took 20 for 4 weeks. some nausea and itchy skin first 2 weeks then no noticeable side effects.,0.4666789850002715,0.31645569620253167,"I have been taking prednisolone for about 2 weeks now. I have not had any side effects, but I have had a couple of side effects that I am not aware of. One of the side effects is that I can't stand it. The other side effect is that it makes me feel like",0.9769593040000473,0.6835443037974683
46,Depression,10,"My dr gave me two sample packs and told me to take all the 10mg tablets and once I was done I could go up to 20mg if I needed it, but I continue to get a prescription for 20mg and cut them in half so it lasts me twice as long. She told me I would have upset stomach the first night and that was literally the only bad side effect I had! I take it after dinner/before bed. Right away it made me feel more awake, able to handle things my stressors better, and gave me a general sense of well being. I can still get aggravated so I don't feel like a zombie, and I'm still able to have the big O. I am 36 and have tried 10 or so different antidepressants over the years since I was in my late teens and nothing has ever worked as well as this.",My dr gave me two sample packs and told me to take all the 10mg tablets and once I was done I could go up to 20mg if I needed it. She told me I would have upset stomach the first night and that was literally the only bad side effect I had! I take it after,0.9385241889999634,0.36774193548387096,"dr gave me two sample packs and told me to take all the 10mg tablets. she told me I would have upset stomach the first night. right away it made me feel more awake, able to handle things my stressors better, and gave me a general sense of well",0.8774755969998296,0.3161290322580645,"I have been taking this medication for over a year now and I have never had an adverse event. I have had a few side effects, but none of them have affected me at all. The only thing that has changed is that I have been able to sleep better and I am able to eat better. I",0.8461797169998135,0.3741935483870968
47,Anxiety,10,"Suffered from extreme anxiety and depression for years. Now taking 900mg of gabapentin daily and anxiety has disappeared. Side effects dizziness, unpleasant tasting food but worth it as anxiety is gone.",Suffered from extreme anxiety and depression for years. Now taking 900mg of gabapentin daily and anxiety has disappeared.,0.5376185989998703,0.5806451612903226,"taking 900mg of gabapentin daily has disappeared. side effects dizziness, unpleasant tasting food but worth it as anxiety is gone.",0.47166655099999844,0.6451612903225806,"This is a very good medicine. It is very effective in treating anxiety. It has been shown to be safe and effective for many years. It does not cause any side effects. It can be used as an anti-depressant, anti-anxiety medication, or as an antiepileptic",0.7907723500002248,1.4516129032258065
48,Depression,9,"It's always a test of one person. Everyone will have anti-depressants that work best for them. I tried Lexapro and Wellbutrin. I hated Wellbutrin. Prozac gave me ZERO side effects. No sexual frustration, no irritability, and no insomnia. I'm on my 6th month and just got bumped from 20mg to 40mg because of seasonal depression and feel a HUGE deal better. I've lost 10lbs in 3 weeks because my appetite and drinking are also under control. I've also heard Prozac is associated with weight loss. If something isn't working for you, give it a try.","Prozac gave me ZERO side effects. No sexual frustration, no irritability, and no insomnia. I've lost 10lbs in 3 weeks because my appetite and drinking are also under control.",0.6046382070003347,0.30526315789473685,"prozac gave me ZERO side effects. no sexual frustration, no irritability, and no insomnia. I've lost 10lbs in 3 weeks because my appetite and drinking are also under control.",0.6681130890001441,0.30526315789473685,"I've been on Prozac for 3 months now and I've never had any adverse events. It's been a long time since I've used it, but I've noticed that it's not as bad as I thought it would be. I feel like I'm getting better every day, and I'm not",0.7847878019997552,0.5157894736842106
49,Anxiety,8,"There are a lot of negative reviews about this medicine and it's side effects, and that makes a lot of people beginning the medicine, including myself, freak out. The people having a positive experience with Lexapro are out living life. Don't be discouraged. For me, Lexapro started working in the second week, but would work on and off for the first month. I started at 5mg and slowly went up to 15. I'm on week 5 and it hasn't done much for my anxiety (yet) but it has helped my moods tremendously. For the first month I had muscle aches and headaches, and I was really tired and unmotivated. That went away in week 4 and I'm feeling better than I have felt in two years.",There are a lot of negative reviews about this medicine and it's side effects. Don't be discouraged. The people having a positive experience with Lexapro are out living life.,0.7906552200001897,0.23015873015873015,the people having a positive experience with Lexapro are out living life. I started at 5mg and slowly went up to 15. for the first month I had muscle aches and headaches.,0.6324672050000117,0.25396825396825395,"Lexapro has been approved by the FDA for use in the treatment of anxiety and depression. It has been shown to be safe and effective in treating a wide range of conditions, including anxiety, depression, bipolar disorder, anxiety disorders, and post-traumatic stress disorder (PTSD).

It is",0.7912865280000005,0.36507936507936506
50,Anxiety,8,"I have been diagnosed with GAD, Panic Disorder and PTSD. I was having a hard time managing my anxiety with my Zoloft and Xanax only combo so my pdoc prescribed 300 mg Gabapentin 1/day. I did not feel much relief from this dose and it was upped to 300 mg 3/day. It's been 4 months and I have since had to increase to 600 mg 3/day and it's been really working for me. I do not have many side effects. I can tell if I miss a dose as withdrawal symptoms come rather quickly. I have not gained or lost weight. I am not overly tired and it does not make me feel restless. Overall, this med is working for me and I am glad my pdoc suggested I try it.",I was having a hard time managing my anxiety with my Zoloft and Xanax only combo so my pdoc prescribed 300 mg Gabapentin 1/day. It's been 4 months and I have since had to increase to 600 mg 3/day and it's been really working for me. I,0.8811994719999348,0.35877862595419846,"I have been diagnosed with GAD, Panic Disorder and PTSD. my pdoc prescribed 300 mg Gabapentin 1/day. it was upped to 300 mg 3/day and it's been really working for me.",0.8819709299996248,0.2366412213740458,I was diagnosed with panic disorder. I had been taking Xanax for a year and had never had a panic attack before. I started taking Gabacentin 2 weeks ago. I felt like I was on the edge of a cliff. I didn't know what to do with myself. I thought I was going,0.7933936159997756,0.40458015267175573
